-- phpMyAdmin SQL Dump
-- version 4.1.12
-- http://www.phpmyadmin.net
--
-- Host: 127.0.0.1
-- Generation Time: Nov 07, 2017 at 02:39 AM
-- Server version: 5.6.16
-- PHP Version: 5.5.11

SET SQL_MODE = "NO_AUTO_VALUE_ON_ZERO";
SET time_zone = "+00:00";


/*!40101 SET @OLD_CHARACTER_SET_CLIENT=@@CHARACTER_SET_CLIENT */;
/*!40101 SET @OLD_CHARACTER_SET_RESULTS=@@CHARACTER_SET_RESULTS */;
/*!40101 SET @OLD_COLLATION_CONNECTION=@@COLLATION_CONNECTION */;
/*!40101 SET NAMES utf8 */;

--
-- Database: `db_camapppos`
--

-- --------------------------------------------------------

--
-- Table structure for table `phppos_app_config`
--

CREATE TABLE IF NOT EXISTS `phppos_app_config` (
  `key` varchar(255) COLLATE utf8_unicode_ci NOT NULL,
  `value` varchar(255) COLLATE utf8_unicode_ci NOT NULL,
  PRIMARY KEY (`key`)
) ENGINE=InnoDB DEFAULT CHARSET=utf8 COLLATE=utf8_unicode_ci;

--
-- Dumping data for table `phppos_app_config`
--

INSERT INTO `phppos_app_config` (`key`, `value`) VALUES
('additional_payment_types', '100'),
('address', '123 Nowhere street '),
('company', 'PHP Point Of Sale, Inc'),
('company_logo', '0'),
('currency_symbol', '$'),
('date_format', 'middle_endian'),
('default_tax_1_name', 'Sales Tax'),
('default_tax_1_rate', ''),
('default_tax_2_cumulative', '0'),
('default_tax_2_name', 'Sales Tax 2'),
('default_tax_2_rate', ''),
('default_tax_rate', '8'),
('email', 'bunthoeun@gmail.com'),
('email_host', 'ssl://smtp.gmail.com'),
('email_port', '465'),
('email_send', 'makejonh4@gmail.com'),
('fax', '555-555-5555'),
('hide_suspended_sales_in_reports', '0'),
('language', 'english'),
('mailchimp_api_key', ''),
('number_of_items_per_page', '20'),
('password_send', '14111993ABC'),
('phone', '555-555-5555'),
('print_after_sale', '1'),
('return_policy', 'Thanks You!'),
('speed_up_search_queries', '0'),
('time_format', '12_hour'),
('timezone', 'Asia/Bangkok'),
('track_cash', '0'),
('website', '4ab8d23e3d86dffc018eda814ca1ce6d-us17');

-- --------------------------------------------------------

--
-- Table structure for table `phppos_app_files`
--

CREATE TABLE IF NOT EXISTS `phppos_app_files` (
  `file_id` int(10) NOT NULL AUTO_INCREMENT,
  `file_name` varchar(255) COLLATE utf8_unicode_ci NOT NULL,
  `file_data` longblob NOT NULL,
  PRIMARY KEY (`file_id`)
) ENGINE=InnoDB DEFAULT CHARSET=utf8 COLLATE=utf8_unicode_ci AUTO_INCREMENT=1 ;

-- --------------------------------------------------------

--
-- Table structure for table `phppos_customers`
--

CREATE TABLE IF NOT EXISTS `phppos_customers` (
  `person_id` int(10) NOT NULL,
  `account_number` varchar(255) COLLATE utf8_unicode_ci DEFAULT NULL,
  `company_name` varchar(255) COLLATE utf8_unicode_ci NOT NULL,
  `taxable` int(1) NOT NULL DEFAULT '1',
  `deleted` int(1) NOT NULL DEFAULT '0',
  UNIQUE KEY `account_number` (`account_number`),
  KEY `person_id` (`person_id`),
  KEY `deleted` (`deleted`)
) ENGINE=InnoDB DEFAULT CHARSET=utf8 COLLATE=utf8_unicode_ci;

--
-- Dumping data for table `phppos_customers`
--

INSERT INTO `phppos_customers` (`person_id`, `account_number`, `company_name`, `taxable`, `deleted`) VALUES
(7, NULL, '', 1, 0),
(8, NULL, '', 1, 0),
(9, NULL, '', 1, 0),
(12, NULL, '', 1, 1),
(13, NULL, '', 1, 1),
(14, NULL, '', 1, 1),
(16, NULL, '', 1, 0),
(17, 'no', '', 0, 0),
(19, NULL, '', 1, 1),
(20, NULL, '', 1, 1),
(21, NULL, '', 1, 0),
(22, NULL, '', 1, 0),
(23, NULL, '', 1, 0),
(24, NULL, '', 1, 0),
(25, NULL, '', 1, 0);

-- --------------------------------------------------------

--
-- Table structure for table `phppos_employees`
--

CREATE TABLE IF NOT EXISTS `phppos_employees` (
  `username` varchar(255) COLLATE utf8_unicode_ci NOT NULL,
  `password` varchar(255) COLLATE utf8_unicode_ci NOT NULL,
  `person_id` int(10) NOT NULL,
  `deleted` int(1) NOT NULL DEFAULT '0',
  UNIQUE KEY `username` (`username`),
  KEY `person_id` (`person_id`),
  KEY `deleted` (`deleted`)
) ENGINE=InnoDB DEFAULT CHARSET=utf8 COLLATE=utf8_unicode_ci;

--
-- Dumping data for table `phppos_employees`
--

INSERT INTO `phppos_employees` (`username`, `password`, `person_id`, `deleted`) VALUES
('admin', '21232f297a57a5a743894a0e4a801fc3', 1, 0),
('dollar', 'e10adc3949ba59abbe56e057f20f883e', 26, 0),
('seller', '25d55ad283aa400af464c76d713c07ad', 2, 0),
('sovann', '5f4dcc3b5aa765d61d8327deb882cf99', 3, 0);

-- --------------------------------------------------------

--
-- Table structure for table `phppos_exchange_rate`
--

CREATE TABLE IF NOT EXISTS `phppos_exchange_rate` (
  `id` int(11) NOT NULL AUTO_INCREMENT,
  `reil` decimal(18,2) NOT NULL DEFAULT '4000.00',
  `dollar` decimal(18,2) NOT NULL DEFAULT '1.00',
  `deleted` int(1) NOT NULL DEFAULT '0',
  `date` date DEFAULT NULL,
  PRIMARY KEY (`id`)
) ENGINE=InnoDB  DEFAULT CHARSET=utf8 COLLATE=utf8_unicode_ci AUTO_INCREMENT=9 ;

--
-- Dumping data for table `phppos_exchange_rate`
--

INSERT INTO `phppos_exchange_rate` (`id`, `reil`, `dollar`, `deleted`, `date`) VALUES
(1, '4000.00', '1.00', 1, '2017-10-30'),
(2, '4200.00', '1.00', 0, '2008-08-15'),
(3, '4050.00', '1.00', 0, '2017-07-09'),
(4, '3900.00', '1.00', 0, '2013-10-15'),
(5, '3800.00', '1.00', 1, '2011-06-01'),
(6, '3950.00', '1.00', 1, '2017-11-15'),
(7, '4100.00', '1.00', 0, '2017-10-31'),
(8, '4150.00', '1.00', 0, '2017-11-06');

-- --------------------------------------------------------

--
-- Table structure for table `phppos_expense`
--

CREATE TABLE IF NOT EXISTS `phppos_expense` (
  `id` int(11) NOT NULL AUTO_INCREMENT,
  `expense_type` varchar(255) DEFAULT NULL,
  `expense_date` date NOT NULL,
  `expense_status` varchar(100) NOT NULL,
  `customer_id` int(11) NOT NULL,
  `expense_title` varchar(255) NOT NULL,
  `check_paper` varchar(255) NOT NULL,
  `type_money` varchar(200) NOT NULL,
  `payment_id` varchar(100) NOT NULL,
  `total_expense` decimal(18,2) NOT NULL,
  `note` text NOT NULL,
  `status` int(1) NOT NULL DEFAULT '1',
  `employee_id` int(11) NOT NULL,
  `created_at` timestamp NULL DEFAULT NULL,
  `updated_at` timestamp NULL DEFAULT NULL,
  `deleted` int(1) DEFAULT '0',
  PRIMARY KEY (`id`)
) ENGINE=InnoDB  DEFAULT CHARSET=utf8 AUTO_INCREMENT=9 ;

--
-- Dumping data for table `phppos_expense`
--

INSERT INTO `phppos_expense` (`id`, `expense_type`, `expense_date`, `expense_status`, `customer_id`, `expense_title`, `check_paper`, `type_money`, `payment_id`, `total_expense`, `note`, `status`, `employee_id`, `created_at`, `updated_at`, `deleted`) VALUES
(1, 'change', '2017-08-10', 'Use', 1, 'Expense On It Support System', '', 'Cash', '002', '300.00', '', 1, 1, '2017-08-25 00:27:09', '2017-08-27 20:51:07', 1),
(2, 'buy', '2017-08-11', 'Use', 2, 'Expense on Staff Part Times', '', 'Cash', '44', '44.00', '', 1, 1, '2017-08-25 20:58:52', '2017-08-27 20:50:12', 1),
(3, 'buy', '2017-09-01', 'Use', 5, 'ចំនាយលើការទិញដី', '', 'Cash', 'p98372', '9003.00', 'sss', 1, 1, '2017-08-31 20:19:20', '2017-08-31 20:20:39', 1),
(4, 'buy', '2017-09-02', 'Use', 6, 'Mola', '', 'Cash', '093833', '9000.00', '', 1, 1, '2017-09-01 21:26:38', '2017-09-01 21:26:38', 0),
(5, 'buy', '2010-06-09', 'Use', 24, 'buy gas cookie', '', 'Cash', 'inc5', '100.00', '', 1, 1, NULL, NULL, 0),
(6, 'change', '2017-11-05', 'Use', 24, 'buy gas cookie', '', 'Cash', 'exp6', '100.00', '', 1, 1, NULL, NULL, 0),
(7, 'buy', '2017-11-01', 'Use', 24, 'buy gas cookie', '', 'Cash', 'exp000000007', '100.00', 'efwefwe', 1, 1, NULL, NULL, 0),
(8, NULL, '2017-11-06', '', 0, 'SSD', '', 'Cash', 'exp000000008', '300.00', '', 1, 1, NULL, NULL, 0);

-- --------------------------------------------------------

--
-- Table structure for table `phppos_giftcards`
--

CREATE TABLE IF NOT EXISTS `phppos_giftcards` (
  `giftcard_id` int(11) NOT NULL AUTO_INCREMENT,
  `giftcard_number` varchar(255) COLLATE utf8_unicode_ci NOT NULL,
  `value` decimal(15,2) NOT NULL,
  `customer_id` int(10) DEFAULT NULL,
  `deleted` int(1) NOT NULL DEFAULT '0',
  PRIMARY KEY (`giftcard_id`),
  UNIQUE KEY `giftcard_number` (`giftcard_number`),
  KEY `deleted` (`deleted`),
  KEY `phppos_giftcards_ibfk_1` (`customer_id`)
) ENGINE=InnoDB  DEFAULT CHARSET=utf8 COLLATE=utf8_unicode_ci AUTO_INCREMENT=4 ;

--
-- Dumping data for table `phppos_giftcards`
--

INSERT INTO `phppos_giftcards` (`giftcard_id`, `giftcard_number`, `value`, `customer_id`, `deleted`) VALUES
(1, '001', '10.00', 17, 1),
(2, '0939384', '10.00', 21, 0),
(3, '0993834932', '2.00', NULL, 0);

-- --------------------------------------------------------

--
-- Table structure for table `phppos_income`
--

CREATE TABLE IF NOT EXISTS `phppos_income` (
  `id` int(11) NOT NULL AUTO_INCREMENT,
  `income_type` varchar(255) DEFAULT NULL,
  `income_date` date DEFAULT NULL,
  `income_status` varchar(100) DEFAULT NULL,
  `customer_id` int(11) DEFAULT NULL,
  `income_title` varchar(255) DEFAULT NULL,
  `check_paper` varchar(255) DEFAULT NULL,
  `type_money` varchar(200) DEFAULT NULL,
  `payment_id` varchar(100) DEFAULT NULL,
  `total_income` decimal(18,2) DEFAULT NULL,
  `note` text,
  `status` int(1) DEFAULT '1',
  `employee_id` int(11) DEFAULT NULL,
  `created_at` timestamp NULL DEFAULT NULL,
  `updated_at` timestamp NULL DEFAULT NULL,
  `deleted` int(1) DEFAULT '0',
  PRIMARY KEY (`id`)
) ENGINE=InnoDB  DEFAULT CHARSET=utf8 AUTO_INCREMENT=8 ;

--
-- Dumping data for table `phppos_income`
--

INSERT INTO `phppos_income` (`id`, `income_type`, `income_date`, `income_status`, `customer_id`, `income_title`, `check_paper`, `type_money`, `payment_id`, `total_income`, `note`, `status`, `employee_id`, `created_at`, `updated_at`, `deleted`) VALUES
(1, '3', '2017-08-25', 'Use', 25, 'Nora', '', 'Cash', '001', '2039.00', '', 1, 1, '2017-08-25 00:24:58', '2017-08-25 02:01:57', 0),
(2, '5', '2017-09-01', 'Use', 21, 'ចំនូលើលក់ផ្ទះលក់វែង', '', 'Cash', 'P0392', '22432.00', '', 1, 1, '2017-08-31 19:58:17', '2017-08-31 19:58:17', 0),
(3, 'inocme 001', '2016-04-01', 'Use', 25, 'vfwaef', '0993773', 'Cash', 'inc139943', '100.00', 'income expense\n', 1, 1, NULL, NULL, 0),
(4, 'income customer refund', '2017-04-06', 'Use', 23, 'how to income', '09383736652522', 'Cash', 'inc4', '23.00', 'efawefzwae', 1, 1, NULL, NULL, 1),
(5, 'hhh', '2013-06-04', 'Use', 25, 'ieiei', '', 'Cash', 'inc5', '100.00', '', 1, 1, NULL, NULL, 0),
(6, NULL, '2017-11-06', NULL, NULL, 'ABC', '', 'Cash', 'inc000000006', '100.00', '', 1, 1, NULL, NULL, 0),
(7, NULL, '2017-11-06', NULL, NULL, 'ci', '', 'Cash', 'inc000000007', '300.00', '', 1, 1, NULL, NULL, 0);

-- --------------------------------------------------------

--
-- Table structure for table `phppos_inventory`
--

CREATE TABLE IF NOT EXISTS `phppos_inventory` (
  `trans_id` int(11) NOT NULL AUTO_INCREMENT,
  `trans_items` int(11) NOT NULL DEFAULT '0',
  `trans_user` int(11) NOT NULL DEFAULT '0',
  `trans_date` timestamp NOT NULL DEFAULT CURRENT_TIMESTAMP,
  `trans_comment` text COLLATE utf8_unicode_ci NOT NULL,
  `trans_inventory` decimal(15,2) NOT NULL DEFAULT '0.00',
  PRIMARY KEY (`trans_id`),
  KEY `phppos_inventory_ibfk_1` (`trans_items`),
  KEY `phppos_inventory_ibfk_2` (`trans_user`)
) ENGINE=InnoDB  DEFAULT CHARSET=utf8 COLLATE=utf8_unicode_ci AUTO_INCREMENT=432 ;

--
-- Dumping data for table `phppos_inventory`
--

INSERT INTO `phppos_inventory` (`trans_id`, `trans_items`, `trans_user`, `trans_date`, `trans_comment`, `trans_inventory`) VALUES
(1, 1, 1, '2013-03-21 02:12:47', 'កែសម្រួលបរិមាណទំនិញតាមចិត្តខ្លួនឯង', '1477.50'),
(2, 1, 1, '2013-03-21 02:14:27', 'កែសម្រួលបរិមាណទំនិញតាមចិត្តខ្លួនឯង', '-1477.50'),
(3, 1, 1, '2013-03-21 02:17:21', 'កែសម្រួលបរិមាណទំនិញតាមចិត្តខ្លួនឯង', '0.00'),
(4, 1, 1, '2013-03-27 06:50:17', 'Manual Edit of Quantity', '0.00'),
(5, 1, 1, '2013-03-27 06:50:32', 'Manual Edit of Quantity', '10.00'),
(6, 1, 1, '2013-03-27 06:50:42', 'Manual Edit of Quantity', '-10.00'),
(7, 2, 1, '2013-03-28 02:25:50', 'Manual Edit of Quantity', '1370.20'),
(8, 1, 1, '2013-03-28 02:26:28', 'Manual Edit of Quantity', '1477.50'),
(9, 1, 1, '2013-03-28 02:27:08', 'Manual Edit of Quantity', '0.00'),
(10, 2, 1, '2013-03-28 02:27:27', 'Manual Edit of Quantity', '0.00'),
(11, 3, 1, '2013-03-28 02:28:37', 'Manual Edit of Quantity', '5213.10'),
(12, 1, 1, '2013-03-28 02:29:08', 'Manual Edit of Quantity', '0.00'),
(13, 4, 1, '2013-03-28 02:57:00', 'Manual Edit of Quantity', '12873.00'),
(14, 5, 1, '2013-03-28 02:58:25', 'Manual Edit of Quantity', '12873.00'),
(15, 6, 1, '2013-03-28 03:04:19', 'Manual Edit of Quantity', '3515.50'),
(16, 7, 1, '2013-03-28 03:05:52', 'Manual Edit of Quantity', '7491.00'),
(17, 8, 1, '2013-03-28 03:07:44', 'Manual Edit of Quantity', '2771.80'),
(18, 7, 1, '2013-03-28 03:08:32', 'Manual Edit of Quantity', '0.00'),
(19, 6, 1, '2013-03-28 03:08:48', 'Manual Edit of Quantity', '0.00'),
(20, 9, 1, '2013-03-28 03:13:40', 'Manual Edit of Quantity', '819.00'),
(21, 10, 1, '2013-03-28 03:24:31', 'Manual Edit of Quantity', '2541.80'),
(22, 11, 1, '2013-03-28 03:27:07', 'Manual Edit of Quantity', '27.00'),
(23, 12, 1, '2013-03-28 03:32:52', 'Manual Edit of Quantity', '9804.70'),
(24, 13, 1, '2013-03-28 03:40:54', 'Manual Edit of Quantity', '8567.70'),
(25, 14, 1, '2013-03-28 03:45:15', 'Manual Edit of Quantity', '910.30'),
(26, 15, 1, '2013-03-28 03:47:23', 'Manual Edit of Quantity', '31.00'),
(27, 15, 1, '2013-03-28 03:47:45', 'Manual Edit of Quantity', '3102.40'),
(28, 16, 1, '2013-03-28 03:49:22', 'Manual Edit of Quantity', '4.00'),
(29, 16, 1, '2013-03-28 03:49:46', 'Manual Edit of Quantity', '4374.20'),
(30, 17, 1, '2013-03-28 03:52:08', 'Manual Edit of Quantity', '4270.63'),
(31, 18, 1, '2013-03-28 03:54:40', 'Manual Edit of Quantity', '2942.70'),
(32, 19, 1, '2013-03-28 03:55:55', 'Manual Edit of Quantity', '3972.10'),
(33, 20, 1, '2013-03-28 03:57:39', 'Manual Edit of Quantity', '715.10'),
(34, 21, 1, '2013-03-28 03:59:52', 'Manual Edit of Quantity', '1688.00'),
(35, 21, 1, '2013-03-28 04:00:23', 'Manual Edit of Quantity', '0.00'),
(36, 22, 1, '2013-03-28 04:01:33', 'Manual Edit of Quantity', '194.00'),
(37, 23, 1, '2013-03-28 04:02:45', 'Manual Edit of Quantity', '666.90'),
(38, 24, 1, '2013-03-28 04:04:16', 'Manual Edit of Quantity', '92.00'),
(39, 25, 1, '2013-03-28 04:05:42', 'Manual Edit of Quantity', '1300.90'),
(40, 26, 1, '2013-03-28 04:06:25', 'Manual Edit of Quantity', '173.50'),
(41, 27, 1, '2013-03-28 04:07:21', 'Manual Edit of Quantity', '231.00'),
(42, 28, 1, '2013-03-28 04:08:10', 'Manual Edit of Quantity', '105.50'),
(43, 29, 1, '2013-03-28 04:09:36', 'Manual Edit of Quantity', '813.40'),
(44, 30, 1, '2013-03-28 04:10:36', 'Manual Edit of Quantity', '207.70'),
(45, 31, 1, '2013-03-28 04:12:05', 'Manual Edit of Quantity', '334.40'),
(46, 32, 1, '2013-03-28 04:12:46', 'Manual Edit of Quantity', '227.00'),
(47, 33, 1, '2013-03-28 04:13:55', 'Manual Edit of Quantity', '308.50'),
(48, 34, 1, '2013-03-28 04:14:48', 'Manual Edit of Quantity', '3069.00'),
(49, 35, 1, '2013-03-28 04:15:29', 'Manual Edit of Quantity', '417.00'),
(50, 36, 1, '2013-03-28 04:17:03', 'Manual Edit of Quantity', '4845.50'),
(51, 37, 1, '2013-03-28 04:17:52', 'Manual Edit of Quantity', '1849.70'),
(52, 38, 1, '2013-03-28 04:18:46', 'Manual Edit of Quantity', '2486.30'),
(53, 37, 1, '2013-03-28 04:19:24', 'Manual Edit of Quantity', '0.00'),
(54, 39, 1, '2013-03-28 04:20:04', 'Manual Edit of Quantity', '556.00'),
(55, 40, 1, '2013-03-28 04:21:13', 'Manual Edit of Quantity', '5010.60'),
(56, 41, 1, '2013-03-28 04:23:01', 'Manual Edit of Quantity', '798.50'),
(57, 42, 1, '2013-03-28 04:24:03', 'Manual Edit of Quantity', '388.30'),
(58, 43, 1, '2013-03-28 04:26:10', 'Manual Edit of Quantity', '3739.50'),
(59, 44, 1, '2013-03-28 04:27:11', 'Manual Edit of Quantity', '608.00'),
(60, 45, 1, '2013-03-28 04:28:23', 'Manual Edit of Quantity', '474.50'),
(61, 46, 1, '2013-03-28 04:29:00', 'Manual Edit of Quantity', '2925.00'),
(62, 47, 1, '2013-03-28 04:33:21', 'Manual Edit of Quantity', '1893.40'),
(63, 48, 1, '2013-03-28 04:34:00', 'Manual Edit of Quantity', '9748.00'),
(64, 49, 1, '2013-03-28 04:34:55', 'Manual Edit of Quantity', '2894.70'),
(65, 50, 1, '2013-03-28 04:36:24', 'Manual Edit of Quantity', '267.80'),
(66, 51, 1, '2013-03-28 04:36:56', 'Manual Edit of Quantity', '329.00'),
(67, 52, 1, '2013-03-28 04:37:38', 'Manual Edit of Quantity', '2429.00'),
(68, 53, 1, '2013-03-28 04:38:46', 'Manual Edit of Quantity', '5242.00'),
(69, 54, 1, '2013-03-28 04:39:28', 'Manual Edit of Quantity', '244.50'),
(70, 55, 1, '2013-03-28 04:40:08', 'Manual Edit of Quantity', '378.00'),
(71, 56, 1, '2013-03-28 04:41:04', 'Manual Edit of Quantity', '1267.80'),
(72, 57, 1, '2013-03-28 04:43:21', 'Manual Edit of Quantity', '2416.30'),
(73, 58, 1, '2013-03-28 04:45:27', 'Manual Edit of Quantity', '9724.60'),
(74, 59, 1, '2013-03-28 04:46:20', 'Manual Edit of Quantity', '242.60'),
(75, 60, 1, '2013-03-28 04:48:25', 'Manual Edit of Quantity', '2037.40'),
(76, 61, 1, '2013-03-28 04:50:42', 'Manual Edit of Quantity', '12105.30'),
(77, 62, 1, '2013-03-28 04:52:58', 'Manual Edit of Quantity', '1270.36'),
(78, 63, 1, '2013-03-28 04:56:26', 'Manual Edit of Quantity', '567.00'),
(79, 64, 1, '2013-03-28 04:59:30', 'Manual Edit of Quantity', '6653.00'),
(80, 65, 1, '2013-03-28 05:02:00', 'Manual Edit of Quantity', '11430.00'),
(81, 66, 1, '2013-03-28 05:03:30', 'Manual Edit of Quantity', '2414.00'),
(82, 67, 1, '2013-03-28 05:05:58', 'Manual Edit of Quantity', '2894.50'),
(83, 68, 1, '2013-03-28 05:08:41', 'Manual Edit of Quantity', '365.60'),
(84, 69, 1, '2013-03-28 05:10:06', 'Manual Edit of Quantity', '2081.20'),
(85, 70, 1, '2013-03-28 05:11:25', 'Manual Edit of Quantity', '6449.50'),
(86, 71, 1, '2013-03-28 05:12:31', 'Manual Edit of Quantity', '566.50'),
(87, 72, 1, '2013-03-28 05:13:40', 'Manual Edit of Quantity', '644.28'),
(88, 73, 1, '2013-03-28 05:16:58', 'Manual Edit of Quantity', '10240.20'),
(89, 74, 1, '2013-03-28 05:18:56', 'Manual Edit of Quantity', '1976.40'),
(90, 75, 1, '2013-03-28 05:20:27', 'Manual Edit of Quantity', '2569.90'),
(91, 76, 1, '2013-03-28 05:21:32', 'Manual Edit of Quantity', '13203.10'),
(92, 77, 1, '2013-03-28 05:24:25', 'Manual Edit of Quantity', '4551.50'),
(93, 78, 1, '2013-03-28 05:25:33', 'Manual Edit of Quantity', '4010.90'),
(94, 79, 1, '2013-03-28 05:27:23', 'Manual Edit of Quantity', '6154.50'),
(95, 80, 1, '2013-03-28 05:29:41', 'Manual Edit of Quantity', '8302.08'),
(96, 81, 1, '2013-03-28 05:31:15', 'Manual Edit of Quantity', '1741.40'),
(97, 81, 1, '2013-03-28 09:45:55', 'Manual Edit of Quantity', '0.00'),
(98, 81, 1, '2013-03-28 09:46:39', 'POS 1', '-53.00'),
(99, 45, 1, '2013-03-29 03:46:51', 'POS 2', '-100.00'),
(100, 45, 1, '2013-03-29 03:48:24', 'POS 2', '100.00'),
(101, 45, 1, '2013-03-29 03:48:25', 'POS 2', '-100.00'),
(102, 81, 1, '2013-03-29 04:12:17', 'POS 1', '53.00'),
(103, 81, 1, '2013-03-29 04:12:17', 'POS 1', '-53.00'),
(104, 14, 1, '2013-03-29 04:47:54', 'POS 3', '-100.00'),
(105, 14, 1, '2013-03-29 04:57:16', 'POS 3', '100.00'),
(106, 14, 1, '2013-03-29 04:57:16', 'POS 3', '-100.00'),
(107, 45, 1, '2013-03-29 06:31:50', 'POS 2', '100.00'),
(108, 45, 1, '2013-03-29 06:31:50', 'POS 2', '-100.00'),
(109, 45, 3, '2013-03-29 07:57:45', 'POS 2', '100.00'),
(110, 45, 3, '2013-03-29 07:57:46', 'POS 2', '-100.00'),
(111, 45, 3, '2013-03-29 07:58:52', 'POS 2', '100.00'),
(112, 45, 3, '2013-03-29 07:58:52', 'POS 2', '-100.00'),
(113, 45, 3, '2013-03-29 08:11:18', 'POS 2', '100.00'),
(114, 45, 3, '2013-03-29 08:11:18', 'POS 2', '-100.00'),
(115, 45, 3, '2013-03-29 08:12:41', 'POS 2', '100.00'),
(116, 45, 3, '2013-03-29 08:12:41', 'POS 2', '-100.00'),
(117, 45, 3, '2013-03-29 08:32:48', 'POS 2', '100.00'),
(118, 45, 3, '2013-03-29 08:32:48', 'POS 2', '-100.00'),
(119, 45, 3, '2013-03-29 08:56:13', 'POS 2', '100.00'),
(120, 45, 3, '2013-03-29 08:56:14', 'POS 2', '-100.00'),
(121, 14, 3, '2013-03-29 08:57:45', 'POS 3', '100.00'),
(122, 14, 3, '2013-03-29 08:57:45', 'POS 3', '-100.00'),
(123, 14, 3, '2013-03-29 08:58:39', 'POS 3', '100.00'),
(124, 14, 3, '2013-03-29 08:58:39', 'POS 3', '-100.00'),
(125, 45, 3, '2013-03-29 09:04:27', 'POS 4', '-1.00'),
(126, 16, 3, '2013-03-29 09:53:23', 'POS 5', '-1.00'),
(127, 42, 3, '2013-04-01 04:03:03', 'កែសម្រួលបរិមាណទំនិញតាមចិត្តខ្លួនឯង', '0.00'),
(128, 42, 3, '2013-04-01 04:03:35', 'កែសម្រួលបរិមាណទំនិញតាមចិត្តខ្លួនឯង', '0.00'),
(129, 42, 3, '2013-04-01 04:07:10', 'កែសម្រួលបរិមាណទំនិញតាមចិត្តខ្លួនឯង', '0.00'),
(130, 39, 3, '2013-04-01 04:07:43', 'កែសម្រួលបរិមាណទំនិញតាមចិត្តខ្លួនឯង', '0.00'),
(131, 39, 3, '2013-04-01 04:08:51', 'កែសម្រួលបរិមាណទំនិញតាមចិត្តខ្លួនឯង', '0.00'),
(132, 39, 3, '2013-04-01 04:13:38', 'កែសម្រួលបរិមាណទំនិញតាមចិត្តខ្លួនឯង', '0.00'),
(133, 42, 3, '2013-04-01 04:15:11', 'កែសម្រួលបរិមាណទំនិញតាមចិត្តខ្លួនឯង', '0.00'),
(134, 42, 3, '2013-04-01 04:23:55', 'កែសម្រួលបរិមាណទំនិញតាមចិត្តខ្លួនឯង', '0.00'),
(135, 42, 3, '2013-04-01 04:31:00', 'Manual Edit of Quantity', '0.00'),
(136, 42, 3, '2013-04-01 04:31:09', 'Manual Edit of Quantity', '0.00'),
(137, 42, 3, '2013-04-01 04:31:20', 'Manual Edit of Quantity', '0.00'),
(138, 42, 3, '2013-04-01 04:31:39', 'Manual Edit of Quantity', '0.00'),
(139, 42, 3, '2013-04-01 04:32:25', 'កែសម្រួលបរិមាណទំនិញតាមចិត្តខ្លួនឯង', '0.00'),
(140, 42, 3, '2013-04-01 04:35:02', 'កែសម្រួលបរិមាណទំនិញតាមចិត្តខ្លួនឯង', '0.00'),
(141, 42, 3, '2013-04-01 04:37:19', 'កែសម្រួលបរិមាណទំនិញតាមចិត្តខ្លួនឯង', '0.00'),
(142, 42, 3, '2013-04-01 04:39:41', 'កែសម្រួលបរិមាណទំនិញតាមចិត្តខ្លួនឯង', '0.00'),
(143, 42, 3, '2013-04-01 04:40:42', 'កែសម្រួលបរិមាណទំនិញតាមចិត្តខ្លួនឯង', '0.00'),
(144, 42, 3, '2013-04-01 04:41:38', 'កែសម្រួលបរិមាណទំនិញតាមចិត្តខ្លួនឯង', '0.00'),
(145, 42, 3, '2013-04-01 04:42:28', 'កែសម្រួលបរិមាណទំនិញតាមចិត្តខ្លួនឯង', '0.00'),
(146, 42, 3, '2013-04-01 04:42:57', 'កែសម្រួលបរិមាណទំនិញតាមចិត្តខ្លួនឯង', '0.00'),
(147, 42, 3, '2013-04-01 04:48:47', 'កែសម្រួលបរិមាណទំនិញតាមចិត្តខ្លួនឯង', '0.00'),
(148, 42, 3, '2013-04-01 04:54:51', 'កែសម្រួលបរិមាណទំនិញតាមចិត្តខ្លួនឯង', '0.00'),
(149, 42, 3, '2013-04-01 05:01:40', 'កែសម្រួលបរិមាណទំនិញតាមចិត្តខ្លួនឯង', '0.00'),
(150, 42, 3, '2013-04-01 05:04:27', 'កែសម្រួលបរិមាណទំនិញតាមចិត្តខ្លួនឯង', '0.00'),
(151, 39, 3, '2013-04-01 05:04:37', 'កែសម្រួលបរិមាណទំនិញតាមចិត្តខ្លួនឯង', '0.00'),
(152, 73, 3, '2013-04-01 05:04:43', 'កែសម្រួលបរិមាណទំនិញតាមចិត្តខ្លួនឯង', '0.00'),
(153, 14, 3, '2013-04-01 05:04:49', 'កែសម្រួលបរិមាណទំនិញតាមចិត្តខ្លួនឯង', '0.00'),
(154, 42, 3, '2013-04-01 05:05:12', 'Manual Edit of Quantity', '0.00'),
(155, 39, 3, '2013-04-01 05:05:17', 'Manual Edit of Quantity', '0.00'),
(156, 42, 3, '2013-04-01 05:11:16', 'Manual Edit of Quantity', '0.00'),
(157, 42, 3, '2013-04-01 05:11:41', 'កែសម្រួលបរិមាណទំនិញតាមចិត្តខ្លួនឯង', '0.00'),
(158, 42, 3, '2013-04-01 05:15:12', 'កែសម្រួលបរិមាណទំនិញតាមចិត្តខ្លួនឯង', '0.00'),
(159, 42, 3, '2013-04-01 05:15:37', 'កែសម្រួលបរិមាណទំនិញតាមចិត្តខ្លួនឯង', '0.00'),
(160, 42, 3, '2013-04-01 05:17:27', 'កែសម្រួលបរិមាណទំនិញតាមចិត្តខ្លួនឯង', '0.00'),
(161, 42, 3, '2013-04-01 05:18:23', 'កែសម្រួលបរិមាណទំនិញតាមចិត្តខ្លួនឯង', '0.00'),
(162, 42, 3, '2013-04-01 05:19:37', 'កែសម្រួលបរិមាណទំនិញតាមចិត្តខ្លួនឯង', '0.00'),
(163, 42, 3, '2013-04-01 06:06:37', 'កែសម្រួលបរិមាណទំនិញតាមចិត្តខ្លួនឯង', '0.00'),
(164, 42, 3, '2013-04-01 06:19:12', 'កែសម្រួលបរិមាណទំនិញតាមចិត្តខ្លួនឯង', '0.00'),
(165, 42, 3, '2013-04-01 06:29:39', 'កែសម្រួលបរិមាណទំនិញតាមចិត្តខ្លួនឯង', '0.00'),
(166, 42, 3, '2013-04-01 06:30:15', 'កែសម្រួលបរិមាណទំនិញតាមចិត្តខ្លួនឯង', '0.00'),
(167, 42, 3, '2013-04-01 06:30:37', 'កែសម្រួលបរិមាណទំនិញតាមចិត្តខ្លួនឯង', '0.00'),
(168, 42, 3, '2013-04-01 06:35:06', 'កែសម្រួលបរិមាណទំនិញតាមចិត្តខ្លួនឯង', '0.00'),
(169, 42, 3, '2013-04-01 06:35:36', 'កែសម្រួលបរិមាណទំនិញតាមចិត្តខ្លួនឯង', '0.00'),
(170, 42, 3, '2013-04-01 06:36:19', 'កែសម្រួលបរិមាណទំនិញតាមចិត្តខ្លួនឯង', '0.00'),
(171, 42, 3, '2013-04-01 06:42:49', 'កែសម្រួលបរិមាណទំនិញតាមចិត្តខ្លួនឯង', '0.00'),
(172, 42, 3, '2013-04-01 06:47:13', 'កែសម្រួលបរិមាណទំនិញតាមចិត្តខ្លួនឯង', '0.00'),
(173, 42, 3, '2013-04-01 06:47:27', 'កែសម្រួលបរិមាណទំនិញតាមចិត្តខ្លួនឯង', '0.00'),
(174, 39, 3, '2013-04-01 06:47:35', 'កែសម្រួលបរិមាណទំនិញតាមចិត្តខ្លួនឯង', '0.00'),
(175, 45, 3, '2013-04-01 06:47:41', 'កែសម្រួលបរិមាណទំនិញតាមចិត្តខ្លួនឯង', '0.00'),
(176, 73, 3, '2013-04-01 06:47:48', 'កែសម្រួលបរិមាណទំនិញតាមចិត្តខ្លួនឯង', '0.00'),
(177, 42, 3, '2013-04-01 06:48:26', 'កែសម្រួលបរិមាណទំនិញតាមចិត្តខ្លួនឯង', '0.00'),
(178, 42, 3, '2013-04-01 06:52:44', 'កែសម្រួលបរិមាណទំនិញតាមចិត្តខ្លួនឯង', '0.00'),
(179, 39, 3, '2013-04-01 06:52:54', 'កែសម្រួលបរិមាណទំនិញតាមចិត្តខ្លួនឯង', '0.00'),
(180, 6, 3, '2013-04-01 06:53:00', 'កែសម្រួលបរិមាណទំនិញតាមចិត្តខ្លួនឯង', '0.00'),
(181, 39, 3, '2013-04-01 06:54:18', 'កែសម្រួលបរិមាណទំនិញតាមចិត្តខ្លួនឯង', '0.00'),
(182, 42, 3, '2013-04-01 06:55:08', 'កែសម្រួលបរិមាណទំនិញតាមចិត្តខ្លួនឯង', '0.00'),
(183, 42, 3, '2013-04-01 06:57:02', 'កែសម្រួលបរិមាណទំនិញតាមចិត្តខ្លួនឯង', '0.00'),
(184, 42, 3, '2013-04-01 06:57:24', 'កែសម្រួលបរិមាណទំនិញតាមចិត្តខ្លួនឯង', '0.00'),
(185, 42, 3, '2013-04-01 06:58:59', 'កែសម្រួលបរិមាណទំនិញតាមចិត្តខ្លួនឯង', '0.00'),
(186, 42, 3, '2013-04-01 06:59:45', 'កែសម្រួលបរិមាណទំនិញតាមចិត្តខ្លួនឯង', '0.00'),
(187, 42, 3, '2013-04-01 07:00:25', 'កែសម្រួលបរិមាណទំនិញតាមចិត្តខ្លួនឯង', '0.00'),
(188, 42, 3, '2013-04-01 07:01:37', 'កែសម្រួលបរិមាណទំនិញតាមចិត្តខ្លួនឯង', '0.00'),
(189, 45, 3, '2013-04-01 07:01:46', 'កែសម្រួលបរិមាណទំនិញតាមចិត្តខ្លួនឯង', '0.00'),
(190, 42, 3, '2013-04-01 07:02:02', 'កែសម្រួលបរិមាណទំនិញតាមចិត្តខ្លួនឯង', '0.00'),
(191, 39, 3, '2013-04-01 07:02:36', 'កែសម្រួលបរិមាណទំនិញតាមចិត្តខ្លួនឯង', '0.00'),
(192, 6, 3, '2013-04-01 07:03:07', 'កែសម្រួលបរិមាណទំនិញតាមចិត្តខ្លួនឯង', '0.00'),
(193, 42, 3, '2013-04-01 07:03:33', 'កែសម្រួលបរិមាណទំនិញតាមចិត្តខ្លួនឯង', '0.00'),
(194, 42, 3, '2013-04-01 07:04:28', 'កែសម្រួលបរិមាណទំនិញតាមចិត្តខ្លួនឯង', '0.00'),
(195, 42, 3, '2013-04-01 07:05:33', 'កែសម្រួលបរិមាណទំនិញតាមចិត្តខ្លួនឯង', '0.00'),
(196, 42, 3, '2013-04-01 07:08:04', 'កែសម្រួលបរិមាណទំនិញតាមចិត្តខ្លួនឯង', '0.00'),
(197, 42, 3, '2013-04-01 07:08:35', 'កែសម្រួលបរិមាណទំនិញតាមចិត្តខ្លួនឯង', '0.00'),
(198, 42, 3, '2013-04-01 07:11:00', 'កែសម្រួលបរិមាណទំនិញតាមចិត្តខ្លួនឯង', '0.00'),
(199, 42, 3, '2013-04-01 07:26:30', 'កែសម្រួលបរិមាណទំនិញតាមចិត្តខ្លួនឯង', '0.00'),
(200, 42, 3, '2013-04-01 07:38:36', 'កែសម្រួលបរិមាណទំនិញតាមចិត្តខ្លួនឯង', '0.00'),
(201, 42, 3, '2013-04-01 07:39:18', 'Manual Edit of Quantity', '0.00'),
(202, 39, 3, '2013-04-01 07:39:24', 'Manual Edit of Quantity', '0.00'),
(203, 42, 3, '2013-04-01 07:39:32', 'Manual Edit of Quantity', '0.00'),
(204, 42, 3, '2013-04-01 07:39:48', 'Manual Edit of Quantity', '0.00'),
(205, 42, 3, '2013-04-01 07:40:26', 'Manual Edit of Quantity', '0.00'),
(206, 42, 3, '2013-04-01 07:40:52', 'កែសម្រួលបរិមាណទំនិញតាមចិត្តខ្លួនឯង', '0.00'),
(207, 42, 3, '2013-04-01 07:42:15', 'Edición Manual de Cantidad', '0.00'),
(208, 39, 3, '2013-04-01 07:42:20', 'Edición Manual de Cantidad', '0.00'),
(209, 42, 3, '2013-04-01 07:42:40', 'Panduan Edit Jumlah', '0.00'),
(210, 42, 3, '2013-04-01 07:43:00', 'កែសម្រួលបរិមាណទំនិញតាមចិត្តខ្លួនឯង', '0.00'),
(211, 42, 3, '2013-04-01 07:46:13', 'កែសម្រួលបរិមាណទំនិញតាមចិត្តខ្លួនឯង', '0.00'),
(212, 42, 3, '2013-04-01 07:46:25', 'កែសម្រួលបរិមាណទំនិញតាមចិត្តខ្លួនឯង', '0.00'),
(213, 42, 3, '2013-04-01 07:50:15', 'កែសម្រួលបរិមាណទំនិញតាមចិត្តខ្លួនឯង', '0.00'),
(214, 42, 3, '2013-04-01 07:50:34', 'កែសម្រួលបរិមាណទំនិញតាមចិត្តខ្លួនឯង', '0.00'),
(215, 42, 3, '2013-04-01 07:52:00', 'កែសម្រួលបរិមាណទំនិញតាមចិត្តខ្លួនឯង', '0.00'),
(216, 42, 3, '2013-04-01 07:52:54', 'កែសម្រួលបរិមាណទំនិញតាមចិត្តខ្លួនឯង', '0.00'),
(217, 45, 3, '2013-04-01 07:53:04', 'កែសម្រួលបរិមាណទំនិញតាមចិត្តខ្លួនឯង', '0.00'),
(218, 39, 3, '2013-04-01 07:53:10', 'កែសម្រួលបរិមាណទំនិញតាមចិត្តខ្លួនឯង', '0.00'),
(219, 42, 3, '2013-04-01 07:54:02', 'កែសម្រួលបរិមាណទំនិញតាមចិត្តខ្លួនឯង', '0.00'),
(220, 45, 3, '2013-04-01 07:54:28', 'កែសម្រួលបរិមាណទំនិញតាមចិត្តខ្លួនឯង', '0.00'),
(221, 42, 3, '2013-04-01 07:55:19', 'កែសម្រួលបរិមាណទំនិញតាមចិត្តខ្លួនឯង', '0.00'),
(222, 42, 3, '2013-04-01 07:55:46', 'កែសម្រួលបរិមាណទំនិញតាមចិត្តខ្លួនឯង', '0.00'),
(223, 42, 3, '2013-04-01 08:00:24', 'កែសម្រួលបរិមាណទំនិញតាមចិត្តខ្លួនឯង', '0.00'),
(224, 39, 3, '2013-04-01 08:00:38', 'កែសម្រួលបរិមាណទំនិញតាមចិត្តខ្លួនឯង', '0.00'),
(225, 39, 3, '2013-04-01 08:01:00', 'កែសម្រួលបរិមាណទំនិញតាមចិត្តខ្លួនឯង', '0.00'),
(226, 42, 3, '2013-04-01 08:01:44', 'កែសម្រួលបរិមាណទំនិញតាមចិត្តខ្លួនឯង', '0.00'),
(227, 42, 3, '2013-04-01 08:09:10', 'កែសម្រួលបរិមាណទំនិញតាមចិត្តខ្លួនឯង', '0.00'),
(228, 39, 3, '2013-04-01 08:10:02', 'កែសម្រួលបរិមាណទំនិញតាមចិត្តខ្លួនឯង', '0.00'),
(229, 42, 3, '2013-04-01 08:10:40', 'កែសម្រួលបរិមាណទំនិញតាមចិត្តខ្លួនឯង', '0.00'),
(230, 42, 3, '2013-04-01 08:14:27', 'កែសម្រួលបរិមាណទំនិញតាមចិត្តខ្លួនឯង', '0.00'),
(231, 42, 3, '2013-04-01 08:15:08', 'កែសម្រួលបរិមាណទំនិញតាមចិត្តខ្លួនឯង', '0.00'),
(232, 42, 3, '2013-04-01 08:17:25', 'កែសម្រួលបរិមាណទំនិញតាមចិត្តខ្លួនឯង', '0.00'),
(233, 42, 3, '2013-04-01 08:20:54', 'កែសម្រួលបរិមាណទំនិញតាមចិត្តខ្លួនឯង', '0.00'),
(234, 42, 3, '2013-04-01 08:21:35', 'កែសម្រួលបរិមាណទំនិញតាមចិត្តខ្លួនឯង', '0.00'),
(235, 42, 3, '2013-04-01 08:25:01', 'កែសម្រួលបរិមាណទំនិញតាមចិត្តខ្លួនឯង', '0.00'),
(236, 45, 3, '2013-04-01 08:25:10', 'កែសម្រួលបរិមាណទំនិញតាមចិត្តខ្លួនឯង', '0.00'),
(237, 6, 3, '2013-04-01 08:25:20', 'កែសម្រួលបរិមាណទំនិញតាមចិត្តខ្លួនឯង', '0.00'),
(238, 42, 3, '2013-04-01 08:25:41', 'កែសម្រួលបរិមាណទំនិញតាមចិត្តខ្លួនឯង', '0.00'),
(239, 42, 3, '2013-04-01 08:27:20', 'កែសម្រួលបរិមាណទំនិញតាមចិត្តខ្លួនឯង', '0.00'),
(240, 39, 3, '2013-04-01 08:27:30', 'កែសម្រួលបរិមាណទំនិញតាមចិត្តខ្លួនឯង', '0.00'),
(241, 39, 3, '2013-04-01 08:27:46', 'កែសម្រួលបរិមាណទំនិញតាមចិត្តខ្លួនឯង', '0.00'),
(242, 42, 3, '2013-04-01 08:30:38', 'កែសម្រួលបរិមាណទំនិញតាមចិត្តខ្លួនឯង', '0.00'),
(243, 39, 3, '2013-04-01 08:30:47', 'កែសម្រួលបរិមាណទំនិញតាមចិត្តខ្លួនឯង', '0.00'),
(244, 45, 3, '2013-04-01 08:30:52', 'កែសម្រួលបរិមាណទំនិញតាមចិត្តខ្លួនឯង', '0.00'),
(245, 73, 3, '2013-04-01 08:30:56', 'កែសម្រួលបរិមាណទំនិញតាមចិត្តខ្លួនឯង', '0.00'),
(246, 6, 3, '2013-04-01 08:30:59', 'កែសម្រួលបរិមាណទំនិញតាមចិត្តខ្លួនឯង', '0.00'),
(247, 53, 3, '2013-04-01 08:31:02', 'កែសម្រួលបរិមាណទំនិញតាមចិត្តខ្លួនឯង', '0.00'),
(248, 14, 3, '2013-04-01 08:31:04', 'កែសម្រួលបរិមាណទំនិញតាមចិត្តខ្លួនឯង', '0.00'),
(249, 7, 3, '2013-04-01 08:31:08', 'កែសម្រួលបរិមាណទំនិញតាមចិត្តខ្លួនឯង', '0.00'),
(250, 15, 3, '2013-04-01 08:31:14', 'កែសម្រួលបរិមាណទំនិញតាមចិត្តខ្លួនឯង', '0.00'),
(251, 16, 3, '2013-04-01 08:31:20', 'កែសម្រួលបរិមាណទំនិញតាមចិត្តខ្លួនឯង', '0.00'),
(252, 50, 3, '2013-04-01 08:31:27', 'កែសម្រួលបរិមាណទំនិញតាមចិត្តខ្លួនឯង', '0.00'),
(253, 12, 3, '2013-04-01 08:31:30', 'កែសម្រួលបរិមាណទំនិញតាមចិត្តខ្លួនឯង', '0.00'),
(254, 80, 3, '2013-04-01 08:31:32', 'កែសម្រួលបរិមាណទំនិញតាមចិត្តខ្លួនឯង', '0.00'),
(255, 76, 3, '2013-04-01 08:31:35', 'កែសម្រួលបរិមាណទំនិញតាមចិត្តខ្លួនឯង', '0.00'),
(256, 70, 3, '2013-04-01 08:31:38', 'កែសម្រួលបរិមាណទំនិញតាមចិត្តខ្លួនឯង', '0.00'),
(257, 65, 3, '2013-04-01 08:31:41', 'កែសម្រួលបរិមាណទំនិញតាមចិត្តខ្លួនឯង', '0.00'),
(258, 66, 3, '2013-04-01 08:31:44', 'កែសម្រួលបរិមាណទំនិញតាមចិត្តខ្លួនឯង', '0.00'),
(259, 68, 3, '2013-04-01 08:31:47', 'កែសម្រួលបរិមាណទំនិញតាមចិត្តខ្លួនឯង', '0.00'),
(260, 69, 3, '2013-04-01 08:31:50', 'កែសម្រួលបរិមាណទំនិញតាមចិត្តខ្លួនឯង', '0.00'),
(261, 71, 3, '2013-04-01 08:31:54', 'កែសម្រួលបរិមាណទំនិញតាមចិត្តខ្លួនឯង', '0.00'),
(262, 42, 3, '2013-04-01 08:32:49', 'កែសម្រួលបរិមាណទំនិញតាមចិត្តខ្លួនឯង', '0.00'),
(263, 42, 3, '2013-04-01 08:35:25', 'កែសម្រួលបរិមាណទំនិញតាមចិត្តខ្លួនឯង', '0.00'),
(264, 42, 3, '2013-04-01 08:36:16', 'កែសម្រួលបរិមាណទំនិញតាមចិត្តខ្លួនឯង', '0.00'),
(265, 42, 3, '2013-04-01 08:37:28', 'កែសម្រួលបរិមាណទំនិញតាមចិត្តខ្លួនឯង', '0.00'),
(266, 42, 3, '2013-04-01 08:47:54', 'កែសម្រួលបរិមាណទំនិញតាមចិត្តខ្លួនឯង', '0.00'),
(267, 42, 3, '2013-04-01 08:48:20', 'កែសម្រួលបរិមាណទំនិញតាមចិត្តខ្លួនឯង', '0.00'),
(268, 42, 3, '2013-04-01 08:51:00', 'កែសម្រួលបរិមាណទំនិញតាមចិត្តខ្លួនឯង', '0.00'),
(269, 42, 3, '2013-04-01 08:52:05', 'កែសម្រួលបរិមាណទំនិញតាមចិត្តខ្លួនឯង', '0.00'),
(270, 39, 3, '2013-04-01 08:52:13', 'កែសម្រួលបរិមាណទំនិញតាមចិត្តខ្លួនឯង', '0.00'),
(271, 42, 3, '2013-04-01 08:52:26', 'កែសម្រួលបរិមាណទំនិញតាមចិត្តខ្លួនឯង', '0.00'),
(272, 42, 3, '2013-04-01 08:53:48', 'កែសម្រួលបរិមាណទំនិញតាមចិត្តខ្លួនឯង', '0.00'),
(273, 42, 3, '2013-04-01 08:54:36', 'កែសម្រួលបរិមាណទំនិញតាមចិត្តខ្លួនឯង', '0.00'),
(274, 42, 3, '2013-04-01 08:55:59', 'កែសម្រួលបរិមាណទំនិញតាមចិត្តខ្លួនឯង', '0.00'),
(275, 42, 3, '2013-04-01 08:56:51', 'កែសម្រួលបរិមាណទំនិញតាមចិត្តខ្លួនឯង', '0.00'),
(276, 42, 3, '2013-04-01 08:57:26', 'កែសម្រួលបរិមាណទំនិញតាមចិត្តខ្លួនឯង', '0.00'),
(277, 42, 3, '2013-04-01 08:59:35', 'កែសម្រួលបរិមាណទំនិញតាមចិត្តខ្លួនឯង', '0.00'),
(278, 39, 3, '2013-04-01 09:00:06', 'កែសម្រួលបរិមាណទំនិញតាមចិត្តខ្លួនឯង', '0.00'),
(279, 39, 3, '2013-04-01 09:02:50', 'កែសម្រួលបរិមាណទំនិញតាមចិត្តខ្លួនឯង', '0.00'),
(280, 42, 1, '2013-04-02 03:30:53', 'កែសម្រួលបរិមាណទំនិញតាមចិត្តខ្លួនឯង', '0.00'),
(281, 76, 1, '2013-04-02 04:18:10', 'POS 6', '-100.00'),
(282, 14, 1, '2013-04-02 08:10:06', 'RECV 1', '10000.00'),
(283, 45, 1, '2013-04-02 09:33:24', 'RECV 2', '100.00'),
(288, 42, 1, '2013-04-02 09:37:48', 'RECV 7', '1000.00'),
(291, 39, 1, '2013-04-02 09:50:47', 'RECV 12', '1000.00'),
(292, 39, 1, '2013-04-02 10:00:57', 'RECV 13', '100.00'),
(293, 73, 1, '2013-04-10 04:09:47', 'POS 7', '-100.54'),
(294, 73, 1, '2013-04-10 04:10:07', 'POS 7', '100.54'),
(295, 73, 1, '2013-04-10 04:10:07', 'POS 7', '-100.54'),
(296, 82, 1, '2013-04-23 06:40:51', 'កែសម្រួលបរិមាណទំនិញតាមចិត្តខ្លួនឯង', '1.00'),
(297, 83, 1, '2013-04-23 06:48:16', 'កែសម្រួលបរិមាណទំនិញតាមចិត្តខ្លួនឯង', '1.00'),
(298, 45, 1, '2013-04-23 07:10:19', 'POS 2', '100.00'),
(299, 84, 1, '2013-04-23 07:39:23', 'កែសម្រួលបរិមាណទំនិញតាមចិត្តខ្លួនឯង', '500.00'),
(300, 85, 1, '2013-09-03 07:14:35', 'កែសម្រួលបរិមាណទំនិញតាមចិត្តខ្លួនឯង', '0.00'),
(301, 14, 1, '2014-06-04 01:42:19', 'POS 3', '100.00'),
(302, 12, 1, '2014-06-04 01:42:19', 'POS 3', '-1.00'),
(303, 72, 1, '2017-10-23 03:08:40', 'POS 8', '-1.00'),
(304, 6, 1, '2017-10-23 03:08:41', 'POS 8', '-1.00'),
(305, 10, 1, '2017-10-23 03:08:41', 'POS 8', '-1.00'),
(306, 72, 1, '2017-10-23 03:46:11', 'POS 9', '-1.00'),
(307, 10, 1, '2017-10-23 03:46:11', 'POS 9', '-1.00'),
(308, 10, 1, '2017-10-23 03:47:23', 'POS 10', '-1.00'),
(309, 66, 1, '2017-10-23 03:47:23', 'POS 10', '-1.00'),
(310, 76, 1, '2017-10-23 04:11:22', 'POS 6', '100.00'),
(311, 73, 1, '2017-10-23 04:25:36', 'POS 7', '100.54'),
(312, 73, 1, '2017-10-23 04:25:37', 'POS 7', '-100.54'),
(313, 41, 1, '2017-10-23 04:25:38', 'POS 7', '-1.00'),
(314, 10, 1, '2017-10-23 04:25:39', 'POS 7', '-1.00'),
(315, 71, 1, '2017-10-23 04:27:18', 'POS 11', '-2.00'),
(316, 47, 1, '2017-10-23 04:27:18', 'POS 11', '-1.00'),
(317, 69, 1, '2017-10-23 04:27:18', 'POS 11', '-1.00'),
(318, 10, 1, '2017-10-23 04:34:23', 'POS 7', '1.00'),
(319, 41, 1, '2017-10-23 04:34:23', 'POS 7', '1.00'),
(320, 73, 1, '2017-10-23 04:34:23', 'POS 7', '100.54'),
(321, 10, 1, '2017-10-23 04:34:25', 'POS 7', '-1.00'),
(322, 41, 1, '2017-10-23 04:34:25', 'POS 7', '-1.00'),
(323, 73, 1, '2017-10-23 04:34:26', 'POS 7', '-100.54'),
(324, 71, 1, '2017-10-23 04:34:27', 'POS 7', '-2.00'),
(325, 47, 1, '2017-10-23 04:46:45', 'POS 12', '-1.00'),
(326, 16, 1, '2017-10-23 04:46:45', 'POS 12', '-1.00'),
(327, 10, 1, '2017-10-23 07:14:50', 'POS 7', '1.00'),
(328, 41, 1, '2017-10-23 07:14:50', 'POS 7', '1.00'),
(329, 71, 1, '2017-10-23 07:14:50', 'POS 7', '2.00'),
(330, 73, 1, '2017-10-23 07:14:50', 'POS 7', '100.54'),
(331, 10, 1, '2017-10-23 07:14:51', 'POS 7', '-1.00'),
(332, 41, 1, '2017-10-23 07:14:51', 'POS 7', '-1.00'),
(333, 71, 1, '2017-10-23 07:14:51', 'POS 7', '-2.00'),
(334, 73, 1, '2017-10-23 07:14:51', 'POS 7', '-100.54'),
(335, 47, 1, '2017-10-23 07:55:20', 'POS 11', '1.00'),
(336, 69, 1, '2017-10-23 07:55:20', 'POS 11', '1.00'),
(337, 71, 1, '2017-10-23 07:55:20', 'POS 11', '2.00'),
(338, 47, 1, '2017-10-23 07:55:21', 'POS 11', '-1.00'),
(339, 69, 1, '2017-10-23 07:55:21', 'POS 11', '-1.00'),
(340, 71, 1, '2017-10-23 07:55:22', 'POS 11', '-2.00'),
(341, 2, 1, '2017-10-23 07:55:22', 'POS 11', '-1.00'),
(342, 10, 1, '2017-10-23 08:37:23', 'POS 7', '1.00'),
(343, 41, 1, '2017-10-23 08:37:23', 'POS 7', '1.00'),
(344, 71, 1, '2017-10-23 08:37:23', 'POS 7', '2.00'),
(345, 73, 1, '2017-10-23 08:37:23', 'POS 7', '100.54'),
(346, 10, 1, '2017-10-23 08:37:24', 'POS 7', '-1.00'),
(347, 41, 1, '2017-10-23 08:37:24', 'POS 7', '-1.00'),
(348, 71, 1, '2017-10-23 08:37:25', 'POS 7', '-2.00'),
(349, 73, 1, '2017-10-23 08:37:25', 'POS 7', '-100.54'),
(350, 72, 1, '2017-10-23 09:54:36', 'POS 13', '-1.00'),
(351, 72, 1, '2017-10-24 02:30:56', 'POS 14', '-1.00'),
(352, 13, 1, '2017-10-24 02:30:56', 'POS 14', '-1.00'),
(353, 18, 1, '2017-10-24 02:30:56', 'POS 14', '-6.00'),
(354, 83, 1, '2017-10-24 02:30:56', 'POS 14', '-1.00'),
(355, 40, 1, '2017-10-24 02:30:56', 'POS 14', '-6.00'),
(356, 3, 1, '2017-10-24 02:30:56', 'POS 14', '-7.00'),
(357, 86, 1, '2017-10-24 03:00:06', 'Manual Edit of Quantity', '100.00'),
(358, 86, 1, '2017-10-24 03:01:14', 'កែសម្រួលបរិមាណទំនិញតាមចិត្តខ្លួនឯង', '0.00'),
(359, 84, 1, '2017-10-24 04:19:17', 'Manual Edit of Quantity', '0.00'),
(360, 84, 1, '2017-10-24 04:19:57', 'Manual Edit of Quantity', '0.00'),
(361, 84, 1, '2017-10-24 04:24:47', 'Manual Edit of Quantity', '0.00'),
(362, 72, 1, '2017-10-24 04:32:11', 'RECV 14', '1.00'),
(363, 47, 1, '2017-10-24 04:32:11', 'RECV 14', '2.00'),
(364, 78, 1, '2017-10-24 04:32:11', 'RECV 14', '1.00'),
(365, 72, 1, '2017-10-24 04:33:50', 'RECV 15', '1.00'),
(366, 69, 1, '2017-10-24 04:33:50', 'RECV 15', '1.00'),
(367, 71, 1, '2017-10-24 04:33:50', 'RECV 15', '1.00'),
(368, 10, 1, '2017-10-24 04:35:46', 'RECV 16', '1.00'),
(369, 47, 1, '2017-10-24 04:37:21', 'RECV 17', '1.00'),
(370, 17, 1, '2017-10-24 04:37:21', 'RECV 17', '1.00'),
(371, 67, 1, '2017-10-24 04:44:24', 'RECV 18', '-1.00'),
(372, 67, 1, '2017-10-24 04:44:25', 'RECV 19', '-1.00'),
(373, 86, 1, '2017-10-24 04:48:28', 'RECV 20', '1.00'),
(374, 86, 1, '2017-10-24 04:50:22', 'RECV 21', '-1.00'),
(375, 72, 1, '2017-10-25 01:16:03', 'POS 15', '-1.00'),
(376, 78, 1, '2017-10-25 01:16:03', 'POS 15', '-1.00'),
(377, 67, 1, '2017-10-25 01:18:52', 'POS 16', '-1.00'),
(378, 78, 1, '2017-10-25 01:18:52', 'POS 16', '-1.00'),
(379, 86, 1, '2017-10-25 01:25:30', 'Manual Edit of Quantity', '0.00'),
(380, 86, 1, '2017-10-25 01:26:06', 'Manual Edit of Quantity', '0.00'),
(381, 86, 1, '2017-10-25 01:26:35', 'POS 17', '-1.00'),
(382, 86, 1, '2017-10-25 01:26:35', 'POS 17', '-1.00'),
(383, 86, 1, '2017-10-25 01:26:35', 'POS 17', '-3.00'),
(384, 86, 1, '2017-10-25 01:32:54', '', '-5.00'),
(385, 86, 1, '2017-10-25 01:33:12', 'add new', '5.00'),
(386, 86, 1, '2017-10-25 02:21:54', 'POS 18', '5.00'),
(387, 86, 1, '2017-10-25 02:33:36', 'POS 19', '1.00'),
(388, 86, 1, '2017-10-25 02:34:58', 'RECV 22', '5.00'),
(389, 86, 1, '2017-10-25 03:09:07', 'RECV 23', '6.00'),
(390, 86, 1, '2017-10-25 03:24:48', 'RECV 24', '-2.00'),
(391, 84, 1, '2017-10-25 03:34:13', 'Manual Edit of Quantity', '0.00'),
(392, 85, 1, '2017-10-25 03:34:32', 'Manual Edit of Quantity', '0.00'),
(393, 86, 1, '2017-10-25 03:35:32', 'Manual Edit of Quantity', '0.00'),
(394, 72, 1, '2017-10-25 07:13:19', 'POS 20', '-2.00'),
(395, 86, 1, '2017-10-25 07:13:19', 'POS 20', '-1.00'),
(396, 69, 1, '2017-10-25 07:13:19', 'POS 20', '-1.00'),
(397, 78, 1, '2017-10-25 07:13:19', 'POS 20', '-1.00'),
(398, 67, 1, '2017-10-25 07:13:19', 'POS 20', '-1.00'),
(399, 72, 1, '2017-10-26 08:38:23', 'RECV 25', '1.00'),
(400, 4, 1, '2017-10-26 08:38:23', 'RECV 25', '2.00'),
(401, 2, 1, '2017-10-26 08:38:23', 'RECV 25', '2.00'),
(402, 5, 1, '2017-10-26 08:38:23', 'RECV 25', '3.00'),
(403, 1, 1, '2017-10-26 08:38:23', 'RECV 25', '1.00'),
(404, 56, 1, '2017-10-26 08:38:23', 'RECV 25', '2.00'),
(405, 7, 1, '2017-10-26 08:38:23', 'RECV 25', '1.00'),
(406, 3, 1, '2017-10-26 08:38:23', 'RECV 25', '1.00'),
(407, 72, 1, '2017-10-26 08:39:39', 'RECV 26', '-1.00'),
(408, 71, 1, '2017-10-26 08:39:39', 'RECV 26', '-1.00'),
(409, 78, 1, '2017-10-26 08:41:10', 'POS 21', '-1.00'),
(410, 68, 1, '2017-10-26 08:41:10', 'POS 21', '-1.00'),
(411, 67, 1, '2017-10-26 08:41:10', 'POS 21', '-10.00'),
(412, 72, 1, '2017-10-26 08:41:10', 'POS 21', '-10.00'),
(413, 72, 1, '2017-10-26 08:45:46', 'POS 22', '1.00'),
(414, 72, 1, '2017-10-31 04:02:12', 'POS 23', '-1.00'),
(415, 63, 1, '2017-10-31 04:02:12', 'POS 23', '-1.00'),
(416, 67, 1, '2017-10-31 04:06:48', 'POS 24', '-1.00'),
(417, 47, 1, '2017-10-31 04:08:12', 'POS 25', '-1.00'),
(418, 67, 1, '2017-10-31 04:19:24', 'POS 26', '1.00'),
(419, 41, 1, '2017-10-31 04:22:20', 'POS 27', '-1.00'),
(420, 47, 1, '2017-10-31 06:29:38', 'POS 28', '-1.00'),
(421, 67, 1, '2017-10-31 06:56:45', 'POS 29', '-1.00'),
(422, 86, 1, '2017-10-31 07:03:53', 'POS 30', '-1.00'),
(423, 64, 1, '2017-10-31 07:03:53', 'POS 30', '-1.00'),
(424, 77, 1, '2017-10-31 07:12:44', 'POS 31', '-1.00'),
(425, 72, 1, '2017-11-06 09:29:52', 'RECV 27', '10.00'),
(426, 72, 1, '2017-11-06 09:31:24', 'POS 32', '-1.00'),
(427, 71, 1, '2017-11-06 09:39:16', 'POS 33', '-1.00'),
(428, 7, 1, '2017-11-06 09:39:16', 'POS 33', '-1.00'),
(429, 72, 1, '2017-11-07 01:18:10', 'Manual Edit of Quantity', '0.00'),
(430, 72, 1, '2017-11-07 01:19:27', 'Manual Edit of Quantity', '0.00'),
(431, 72, 1, '2017-11-07 01:20:49', 'Manual Edit of Quantity', '0.00');

-- --------------------------------------------------------

--
-- Table structure for table `phppos_items`
--

CREATE TABLE IF NOT EXISTS `phppos_items` (
  `name` varchar(255) COLLATE utf8_unicode_ci NOT NULL,
  `category` varchar(255) COLLATE utf8_unicode_ci NOT NULL,
  `supplier_id` int(11) DEFAULT NULL,
  `item_number` varchar(255) COLLATE utf8_unicode_ci DEFAULT NULL,
  `description` varchar(255) COLLATE utf8_unicode_ci NOT NULL,
  `cost_price` decimal(15,2) NOT NULL,
  `unit_price` decimal(15,2) NOT NULL,
  `promo_price` decimal(15,2) NOT NULL DEFAULT '0.00',
  `start_date` date NOT NULL DEFAULT '1969-01-01',
  `end_date` date NOT NULL DEFAULT '1969-01-01',
  `quantity` decimal(15,2) NOT NULL DEFAULT '0.00',
  `measure` varchar(30) COLLATE utf8_unicode_ci NOT NULL,
  `reorder_level` decimal(15,2) NOT NULL DEFAULT '0.00',
  `location` varchar(255) COLLATE utf8_unicode_ci NOT NULL,
  `item_id` int(10) NOT NULL AUTO_INCREMENT,
  `allow_alt_description` tinyint(1) NOT NULL,
  `is_serialized` tinyint(1) NOT NULL,
  `deleted` int(1) NOT NULL DEFAULT '0',
  PRIMARY KEY (`item_id`),
  UNIQUE KEY `item_number` (`item_number`),
  KEY `phppos_items_ibfk_1` (`supplier_id`),
  KEY `name` (`name`),
  KEY `category` (`category`),
  KEY `deleted` (`deleted`)
) ENGINE=InnoDB  DEFAULT CHARSET=utf8 COLLATE=utf8_unicode_ci AUTO_INCREMENT=87 ;

--
-- Dumping data for table `phppos_items`
--

INSERT INTO `phppos_items` (`name`, `category`, `supplier_id`, `item_number`, `description`, `cost_price`, `unit_price`, `promo_price`, `start_date`, `end_date`, `quantity`, `measure`, `reorder_level`, `location`, `item_id`, `allow_alt_description`, `is_serialized`, `deleted`) VALUES
('062-1 ល្ងគុសហើម', 'ចិន37', NULL, NULL, '', '1.20', '1.60', '0.00', '1969-01-01', '1969-01-01', '1478.50', '', '0.00', '', 1, 0, 0, 0),
('064 ល្ងខែ្សសយ', 'ចិន37', NULL, NULL, '', '1.50', '1.80', '0.00', '1969-01-01', '1969-01-01', '1371.20', '', '0.00', '', 2, 0, 0, 0),
('042', 'ចិន37', NULL, NULL, '', '1.50', '1.80', '0.00', '1969-01-01', '1969-01-01', '5207.10', '', '0.00', '', 3, 0, 0, 0),
('059', 'ចិន37', NULL, NULL, '', '1.00', '1.20', '0.00', '1969-01-01', '1969-01-01', '12875.00', '', '0.00', '', 4, 0, 0, 0),
('059', 'ចិន37', NULL, NULL, '', '1.00', '1.20', '0.00', '1969-01-01', '1969-01-01', '12876.00', '', '0.00', '', 5, 0, 0, 1),
('010N គីមទាង​​​​​​​​​​​60''''', 'Y 1 +9', NULL, NULL, '', '1.20', '1.60', '0.00', '1969-01-01', '1969-01-01', '3514.50', 'items_measure_m', '0.00', '', 6, 0, 0, 0),
('011N គីមទាង​​​​​​​​​​​​44''''', 'Y 1 +4', NULL, NULL, '', '1.20', '1.50', '0.00', '1969-01-01', '1969-01-01', '7491.00', 'items_measure_m', '0.00', '', 7, 0, 0, 0),
('052តេតារុង​44''''', 'D11', NULL, NULL, '', '1.00', '1.20', '0.00', '1969-01-01', '1969-01-01', '2771.80', '', '0.00', '', 8, 0, 0, 0),
('041TR​ខោប្រុស​44''''', 'D11', NULL, NULL, '', '1.00', '1.50', '0.00', '1969-01-01', '1969-01-01', '819.00', '', '0.00', '', 9, 0, 0, 0),
('A38 ល្ង​order ', 'ចិន37', NULL, NULL, '', '1.50', '1.80', '0.00', '1969-01-01', '1969-01-01', '2538.80', '', '0.00', '', 10, 0, 0, 0),
('076', 'D18', NULL, NULL, '', '1.20', '1.50', '0.00', '1969-01-01', '1969-01-01', '27.00', '', '0.00', '', 11, 0, 0, 0),
('01A ទឹកបិច', 'ចិន37', NULL, NULL, '', '1.00', '1.20', '0.00', '1969-01-01', '1969-01-01', '9803.70', 'items_measure_m', '0.00', '', 12, 0, 0, 0),
('056 ការុអាវសី្តង', 'ចិន41 ', NULL, NULL, '', '1.00', '0.80', '0.00', '1969-01-01', '1969-01-01', '8566.70', '', '0.00', '', 13, 0, 0, 0),
('013', 'ចិន41', NULL, NULL, '', '1.50', '1.60', '0.00', '1969-01-01', '1969-01-01', '10910.30', 'items_measure_m', '0.00', '', 14, 0, 0, 0),
('013-1', 'ចិន41 ', NULL, NULL, '', '1.50', '1.60', '0.00', '1969-01-01', '1969-01-01', '3133.40', 'items_measure_m', '0.00', '', 15, 0, 0, 0),
('013-2', 'ចិន41 ', NULL, NULL, '', '1.50', '1.60', '0.00', '1969-01-01', '1969-01-01', '4376.20', 'items_measure_m', '0.00', '', 16, 0, 0, 0),
('053 តេតារុង​ស', 'D11 ', NULL, NULL, '', '1.20', '1.30', '0.00', '1969-01-01', '1969-01-01', '4271.63', '', '0.00', '', 17, 0, 0, 0),
('050KA តេតារុង​ស​', 'Ley Ley 1-2012 ', NULL, NULL, '', '1.20', '1.30', '0.00', '1969-01-01', '1969-01-01', '2936.70', '', '0.00', '', 18, 0, 0, 0),
('047 ខោប្រុស', 'Ley Ley 1-2012 ', NULL, NULL, '', '1.50', '1.60', '0.00', '1969-01-01', '1969-01-01', '3972.10', '', '0.00', '', 19, 0, 0, 0),
('118 រុមា​ស​', 'ចិន39 (KG) ', NULL, NULL, '', '2.50', '2.80', '0.00', '1969-01-01', '1969-01-01', '715.10', '', '0.00', '', 20, 0, 0, 0),
('B-1 ', 'PK 22 (KG) ', NULL, NULL, '', '3.00', '3.00', '0.00', '1969-01-01', '1969-01-01', '1688.00', '', '0.00', '', 21, 0, 0, 0),
('216-P2', 'ចិន39 ', NULL, NULL, '', '2.50', '2.80', '0.00', '1969-01-01', '1969-01-01', '194.00', '', '0.00', '', 22, 0, 0, 0),
('216-P5 ', 'ចិន39 ', NULL, NULL, '', '2.50', '2.80', '0.00', '1969-01-01', '1969-01-01', '666.90', '', '0.00', '', 23, 0, 0, 0),
('216-P3', 'ចិន39 ', NULL, NULL, '', '2.50', '2.80', '0.00', '1969-01-01', '1969-01-01', '92.00', '', '0.00', '', 24, 0, 0, 0),
('216-P6', 'ចិន39 ', NULL, NULL, '', '2.50', '2.80', '0.00', '1969-01-01', '1969-01-01', '1300.90', '', '0.00', '', 25, 0, 0, 0),
('216-P7', 'ចិន39 ', NULL, NULL, '', '2.50', '2.80', '0.00', '1969-01-01', '1969-01-01', '173.50', '', '0.00', '', 26, 0, 0, 0),
('216-P10', 'ចិន39 ', NULL, NULL, '', '2.50', '2.80', '0.00', '1969-01-01', '1969-01-01', '231.00', '', '0.00', '', 27, 0, 0, 0),
('216-P11', 'ចិន39 ', NULL, NULL, '', '2.50', '2.80', '0.00', '1969-01-01', '1969-01-01', '105.50', '', '0.00', '', 28, 0, 0, 0),
('216-(2-1)', 'ចិន39 ', NULL, NULL, '', '2.50', '2.80', '0.00', '1969-01-01', '1969-01-01', '813.40', '', '0.00', '', 29, 0, 0, 0),
('216-(2-2)', 'ចិន39 ', NULL, NULL, '', '2.50', '2.80', '0.00', '1969-01-01', '1969-01-01', '207.70', '', '0.00', '', 30, 0, 0, 0),
('216-12', 'ចិន39 ', NULL, NULL, '', '2.50', '2.80', '0.00', '1969-01-01', '1969-01-01', '334.40', '', '0.00', '', 31, 0, 0, 0),
('216-14', 'ចិន39 ', NULL, NULL, '', '2.50', '2.80', '0.00', '1969-01-01', '1969-01-01', '227.00', '', '0.00', '', 32, 0, 0, 0),
('216-15', 'ចិន39 ', NULL, NULL, '', '2.50', '2.80', '0.00', '1969-01-01', '1969-01-01', '308.50', '', '0.00', '', 33, 0, 0, 0),
('216-17', 'ចិន39 ', NULL, NULL, '', '2.50', '2.80', '0.00', '1969-01-01', '1969-01-01', '3069.00', '', '0.00', '', 34, 0, 0, 0),
('216-P16', 'ចិន39 ', NULL, NULL, '', '2.50', '2.80', '0.00', '1969-01-01', '1969-01-01', '417.00', '', '0.00', '', 35, 0, 0, 0),
('216-1', 'ចិន39 ', NULL, NULL, '', '2.50', '2.80', '0.00', '1969-01-01', '1969-01-01', '4845.50', '', '0.00', '', 36, 0, 0, 0),
('216-4G', 'ចិន35 ', NULL, NULL, '', '2.50', '2.80', '0.00', '1969-01-01', '1969-01-01', '1849.70', '', '0.00', '', 37, 0, 0, 0),
('216-8G', 'ចិន35 ', NULL, NULL, '', '2.50', '2.80', '0.00', '1969-01-01', '1969-01-01', '2486.30', '', '0.00', '', 38, 0, 0, 0),
('008', 'ចិន20', NULL, NULL, '', '2.00', '2.20', '0.00', '1969-01-01', '1969-01-01', '1656.00', 'items_measure_m', '0.00', '', 39, 0, 0, 0),
('222G', 'ចិន32', NULL, NULL, '', '2.00', '2.50', '0.00', '1969-01-01', '1969-01-01', '5004.60', '', '0.00', '', 40, 0, 0, 0),
('222B', 'ចិន39', NULL, NULL, '', '2.00', '2.50', '0.00', '1969-01-01', '1969-01-01', '796.50', '', '0.00', '', 41, 0, 0, 0),
('#300', 'ចិន21', NULL, NULL, '', '2.00', '2.50', '0.00', '1969-01-01', '1969-01-01', '1388.30', 'items_measure_m', '0.00', '', 42, 0, 0, 1),
('119A', 'Y31 (Kg)', NULL, NULL, '', '3.50', '3.50', '0.00', '1969-01-01', '1969-01-01', '3739.50', '', '0.00', '', 43, 0, 0, 0),
('P ពន់ទូ', 'Y31 (Kg)', NULL, NULL, '', '3.00', '3.50', '0.00', '1969-01-01', '1969-01-01', '608.00', '', '0.00', '', 44, 0, 0, 0),
('01 រលាស់', 'Ley Ley 3-2012 ', NULL, NULL, '', '1.20', '1.50', '0.00', '1969-01-01', '1969-01-01', '573.50', 'items_measure_m', '0.00', '', 45, 0, 0, 0),
('062', 'Ley Ley 3-2012 ', NULL, NULL, '', '1.50', '1.60', '0.00', '1969-01-01', '1969-01-01', '2925.00', '', '0.00', '', 46, 0, 0, 0),
('G2000 Black + Nevy ', 'Ley Ley 3-2012 ', NULL, NULL, '', '1.50', '1.60', '0.00', '1969-01-01', '1969-01-01', '1892.40', '', '0.00', '', 47, 0, 0, 0),
('065', 'Ley Ley 3-2012 ', NULL, NULL, '', '1.50', '1.60', '0.00', '1969-01-01', '1969-01-01', '9748.00', '', '0.00', '', 48, 0, 0, 0),
('066', 'Ley Ley 3-2012 ', NULL, NULL, '', '1.50', '1.60', '0.00', '1969-01-01', '1969-01-01', '2894.70', '', '0.00', '', 49, 0, 0, 0),
('016', 'Ley Ley 3-2012 ', NULL, NULL, '', '1.50', '1.60', '0.00', '1969-01-01', '1969-01-01', '267.80', 'items_measure_m', '0.00', '', 50, 0, 0, 0),
('076', 'Ley Ley 3-2012 ', NULL, NULL, '', '1.50', '1.60', '0.00', '1969-01-01', '1969-01-01', '329.00', '', '0.00', '', 51, 0, 0, 0),
('074', 'Ley Ley 4-2012 ', NULL, NULL, '', '1.50', '1.60', '0.00', '1969-01-01', '1969-01-01', '2429.00', '', '0.00', '', 52, 0, 0, 0),
('011', 'Ley Ley 4-2012 ', NULL, NULL, '', '1.50', '1.60', '0.00', '1969-01-01', '1969-01-01', '5242.00', 'items_measure_m', '0.00', '', 53, 0, 0, 0),
('065-1', 'Ley Ley 4-2012 ', NULL, NULL, '', '1.50', '1.60', '0.00', '1969-01-01', '1969-01-01', '244.50', '', '0.00', '', 54, 0, 0, 0),
('075', 'Ley Ley 4-2012 ', NULL, NULL, '', '1.50', '1.60', '0.00', '1969-01-01', '1969-01-01', '378.00', '', '0.00', '', 55, 0, 0, 0),
('063', 'Ley Ley 4-2012 ', NULL, NULL, '', '1.50', '1.70', '0.00', '1969-01-01', '1969-01-01', '1269.80', '', '0.00', '', 56, 0, 0, 0),
('051-1តេតារុងផ្កាប្រុស', 'Ley Ley 4-2012 ', NULL, NULL, '', '1.20', '1.30', '0.00', '1969-01-01', '1969-01-01', '2416.30', '', '0.00', '', 57, 0, 0, 0),
('090តនផ្កាសីត​', 'Ley Ley 4-2012 ', NULL, NULL, '', '0.80', '0.90', '0.00', '1969-01-01', '1969-01-01', '9724.60', '', '0.00', '', 58, 0, 0, 0),
('071', 'Ley Ley 4-2012 ', NULL, NULL, '', '1.50', '1.60', '0.00', '1969-01-01', '1969-01-01', '242.60', '', '0.00', '', 59, 0, 0, 0),
('051តេតារុងប្រុស', 'Ley Ley 4-2012 ', NULL, NULL, '', '1.20', '1.30', '0.00', '1969-01-01', '1969-01-01', '2037.40', '', '0.00', '', 60, 0, 0, 0),
('055', 'Ley Ley 4-2012 ', NULL, NULL, '', '1.50', '1.60', '0.00', '1969-01-01', '1969-01-01', '12105.30', '', '0.00', '', 61, 0, 0, 0),
('06 សារូកពា្ចក់', 'PK30', NULL, NULL, '', '1.00', '1.20', '0.00', '1969-01-01', '1969-01-01', '1270.36', '', '0.00', '', 62, 0, 0, 0),
('115FG ', 'PK 30 (Kg) ', NULL, NULL, '', '3.00', '3.20', '0.00', '1969-01-01', '1969-01-01', '566.00', '', '0.00', '', 63, 0, 0, 0),
('093 តនផ្កាចិន​', 'Ley Ley 3-2012 ', NULL, NULL, '', '1.20', '1.30', '0.00', '1969-01-01', '1969-01-01', '6652.00', '', '0.00', '', 64, 0, 0, 0),
('022N ហ្វី​លាតអត់យឺត​', 'Ley Ley 3-2012 ', NULL, NULL, '', '0.80', '1.00', '0.00', '1969-01-01', '1969-01-01', '11430.00', 'items_measure_m', '0.00', '', 65, 0, 0, 0),
('023ហ្វីផ្កា', 'Ley Ley 3-2012 ', NULL, NULL, '', '1.00', '1.20', '0.00', '1969-01-01', '1969-01-01', '2413.00', 'items_measure_m', '0.00', '', 66, 0, 0, 0),
('VN   ពន់ទូផ្កា​', 'Ley Ley 5-2012 (Kg) ', NULL, NULL, '', '3.50', '3.80', '0.00', '1969-01-01', '1969-01-01', '2880.50', '', '0.00', '', 67, 0, 0, 0),
('038​​​​វនលាត​', 'Ley Ley 3-2012 (KG)', NULL, NULL, '', '3.50', '3.80', '0.00', '1969-01-01', '1969-01-01', '364.60', 'items_measure_m', '0.00', '', 68, 0, 0, 0),
('039 ពុនទូលាត', 'Ley Ley 3-2012 (KG)', NULL, NULL, '', '3.50', '3.80', '0.00', '1969-01-01', '1969-01-01', '2080.20', 'items_measure_m', '0.00', '', 69, 0, 0, 0),
('022-1 ', 'Ley Ley 5-2012 ', NULL, NULL, '', '0.90', '1.20', '0.00', '1969-01-01', '1969-01-01', '6449.50', 'items_measure_m', '0.00', '', 70, 0, 0, 0),
('040ហ្វីយីតBlack ', 'Ley Ley 5-2012 ', NULL, NULL, '', '1.20', '1.50', '0.00', '1969-01-01', '1969-01-01', '561.50', 'items_measure_m', '0.00', '', 71, 0, 0, 0),
('05 fi siv ', 'PK31', NULL, NULL, 'abc', '1.00', '1.50', '0.00', '1969-01-01', '1969-01-01', '638.28', 'items_measure_unit', '0.00', '', 72, 0, 0, 0),
('01-1 សារូខ្លា​', 'Ley Ley 6+PK(31+26) ', NULL, NULL, '', '1.00', '1.30', '0.00', '1969-01-01', '1969-01-01', '10139.66', 'items_measure_m', '0.00', '', 73, 0, 0, 0),
('Pa  (para) ', 'Ley Ley 6-2012 ', NULL, NULL, '', '1.80', '2.00', '0.00', '1969-01-01', '1969-01-01', '1976.40', '', '0.00', '', 74, 0, 0, 0),
('Kaki -1 ', 'Ley Ley 6-2012 ', NULL, NULL, '', '1.80', '2.00', '0.00', '1969-01-01', '1969-01-01', '2569.90', '', '0.00', '', 75, 0, 0, 0),
('022', 'Ley Ley 6-2012 ', NULL, NULL, '', '1.00', '1.20', '0.00', '1969-01-01', '1969-01-01', '13203.10', 'items_measure_m', '0.00', '', 76, 0, 0, 0),
('PT  ( Hunter Korea )', 'Y 1 -2013  (Kg) ', NULL, NULL, '', '3.50', '3.80', '0.00', '1969-01-01', '1969-01-01', '4550.50', '', '0.00', '', 77, 0, 0, 0),
('05o តេតារុង​karo ', 'Ley Ley 6-2012 ', NULL, NULL, '', '1.60', '1.70', '0.00', '1969-01-01', '1969-01-01', '4007.90', '', '0.00', '', 78, 0, 0, 0),
('090 តនលាត​', 'Ley Ley 6-2012 ', NULL, NULL, '', '1.20', '1.35', '0.00', '1969-01-01', '1969-01-01', '6154.50', '', '0.00', '', 79, 0, 0, 0),
('02 សារូលាត', 'PK32+31 ', NULL, NULL, '', '0.90', '1.20', '0.00', '1969-01-01', '1969-01-01', '8302.08', 'items_measure_m', '0.00', '', 80, 0, 0, 0),
('106 វនផ្កា​', 'Ley Ley 3-2012 (KG)', NULL, NULL, '', '6.00', '5.50', '0.00', '1969-01-01', '1969-01-01', '1688.40', '', '0.00', '', 81, 0, 0, 0),
('ee', 'Ley Ley 1-2012 ', NULL, '333', '', '41.00', '1.00', '0.00', '1969-01-01', '1969-01-01', '1.00', 'items_measure_kg', '3.00', '', 82, 0, 0, 0),
('li', 'D11', 11, '33', '', '10.00', '1.00', '100.00', '1969-01-01', '1969-01-01', '0.00', 'items_measure_kg', '1.00', '', 83, 0, 0, 0),
('Nika', 'D18', NULL, NULL, 'nothing', '200.00', '20.00', '0.00', '2013-01-01', '2013-01-31', '500.00', 'items_measure_m', '1000.00', 'pp', 84, 1, 0, 0),
('Noodle', 'Ley Ley 1-2012 ', 10, NULL, '', '10.00', '30.00', '0.00', '1969-01-01', '1969-01-01', '0.00', 'items_measure_m', '10.00', '', 85, 0, 0, 0),
('Len Light', 'Ley Ley 1-2012 ', 10, NULL, '', '10.00', '30.00', '0.00', '1969-01-01', '1969-01-01', '108.00', 'items_measure_m', '10.00', '', 86, 0, 0, 0);

-- --------------------------------------------------------

--
-- Table structure for table `phppos_items_taxes`
--

CREATE TABLE IF NOT EXISTS `phppos_items_taxes` (
  `item_id` int(10) NOT NULL,
  `name` varchar(255) COLLATE utf8_unicode_ci NOT NULL,
  `percent` decimal(15,3) NOT NULL,
  `cumulative` int(1) NOT NULL DEFAULT '0',
  PRIMARY KEY (`item_id`,`name`,`percent`)
) ENGINE=InnoDB DEFAULT CHARSET=utf8 COLLATE=utf8_unicode_ci;

-- --------------------------------------------------------

--
-- Table structure for table `phppos_item_kits`
--

CREATE TABLE IF NOT EXISTS `phppos_item_kits` (
  `item_kit_id` int(11) NOT NULL AUTO_INCREMENT,
  `item_kit_number` varchar(255) COLLATE utf8_unicode_ci DEFAULT NULL,
  `name` varchar(255) COLLATE utf8_unicode_ci NOT NULL,
  `description` varchar(255) COLLATE utf8_unicode_ci NOT NULL,
  `category` varchar(255) COLLATE utf8_unicode_ci NOT NULL,
  `unit_price` decimal(15,2) DEFAULT NULL,
  `cost_price` decimal(15,2) DEFAULT NULL,
  `deleted` int(1) NOT NULL DEFAULT '0',
  PRIMARY KEY (`item_kit_id`),
  UNIQUE KEY `item_kit_number` (`item_kit_number`),
  KEY `name` (`name`),
  KEY `deleted` (`deleted`)
) ENGINE=InnoDB  DEFAULT CHARSET=utf8 COLLATE=utf8_unicode_ci AUTO_INCREMENT=3 ;

--
-- Dumping data for table `phppos_item_kits`
--

INSERT INTO `phppos_item_kits` (`item_kit_id`, `item_kit_number`, `name`, `description`, `category`, `unit_price`, `cost_price`, `deleted`) VALUES
(1, NULL, 'kit', '', 'D11', '32.40', '12.00', 0),
(2, NULL, 'na soku', '', 'D11', '1.50', '1.20', 0);

-- --------------------------------------------------------

--
-- Table structure for table `phppos_item_kits_taxes`
--

CREATE TABLE IF NOT EXISTS `phppos_item_kits_taxes` (
  `item_kit_id` int(10) NOT NULL,
  `name` varchar(255) COLLATE utf8_unicode_ci NOT NULL,
  `percent` decimal(15,3) NOT NULL,
  `cumulative` int(1) NOT NULL DEFAULT '0',
  PRIMARY KEY (`item_kit_id`,`name`,`percent`)
) ENGINE=InnoDB DEFAULT CHARSET=utf8 COLLATE=utf8_unicode_ci;

-- --------------------------------------------------------

--
-- Table structure for table `phppos_item_kit_items`
--

CREATE TABLE IF NOT EXISTS `phppos_item_kit_items` (
  `item_kit_id` int(11) NOT NULL,
  `item_id` int(11) NOT NULL,
  `quantity` decimal(15,2) NOT NULL,
  PRIMARY KEY (`item_kit_id`,`item_id`,`quantity`),
  KEY `phppos_item_kit_items_ibfk_2` (`item_id`)
) ENGINE=InnoDB DEFAULT CHARSET=utf8 COLLATE=utf8_unicode_ci;

--
-- Dumping data for table `phppos_item_kit_items`
--

INSERT INTO `phppos_item_kit_items` (`item_kit_id`, `item_id`, `quantity`) VALUES
(2, 71, '1.00'),
(1, 72, '2.00'),
(1, 86, '1.00');

-- --------------------------------------------------------

--
-- Table structure for table `phppos_modules`
--

CREATE TABLE IF NOT EXISTS `phppos_modules` (
  `name_lang_key` varchar(255) COLLATE utf8_unicode_ci NOT NULL,
  `desc_lang_key` varchar(255) COLLATE utf8_unicode_ci NOT NULL,
  `sort` int(10) NOT NULL,
  `module_id` varchar(255) COLLATE utf8_unicode_ci NOT NULL,
  PRIMARY KEY (`module_id`),
  UNIQUE KEY `desc_lang_key` (`desc_lang_key`),
  UNIQUE KEY `name_lang_key` (`name_lang_key`)
) ENGINE=InnoDB DEFAULT CHARSET=utf8 COLLATE=utf8_unicode_ci;

--
-- Dumping data for table `phppos_modules`
--

INSERT INTO `phppos_modules` (`name_lang_key`, `desc_lang_key`, `sort`, `module_id`) VALUES
('module_config', 'module_config_desc', 130, 'config'),
('module_customers', 'module_customers_desc', 10, 'customers'),
('module_employees', 'module_employees_desc', 80, 'employees'),
('module_exchanges', 'module_exchanges_desc', 100, 'exchanges'),
('module_expenses', 'module_expenses_desc', 120, 'expenses'),
('module_giftcards', 'module_giftcards_desc', 90, 'giftcards'),
('module_incomes', 'module_incomes_desc', 110, 'incomes'),
('module_item_kits', 'module_item_kits_desc', 30, 'item_kits'),
('module_items', 'module_items_desc', 20, 'items'),
('module_receivings', 'module_receivings_desc', 60, 'receivings'),
('module_reports', 'module_reports_desc', 50, 'reports'),
('module_sales', 'module_sales_desc', 70, 'sales'),
('module_suppliers', 'module_suppliers_desc', 40, 'suppliers');

-- --------------------------------------------------------

--
-- Table structure for table `phppos_modules_actions`
--

CREATE TABLE IF NOT EXISTS `phppos_modules_actions` (
  `action_id` varchar(100) COLLATE utf8_unicode_ci NOT NULL,
  `module_id` varchar(100) COLLATE utf8_unicode_ci NOT NULL,
  `action_name_key` varchar(100) COLLATE utf8_unicode_ci NOT NULL,
  `sort` int(11) NOT NULL,
  PRIMARY KEY (`action_id`,`module_id`),
  KEY `phppos_modules_actions_ibfk_1` (`module_id`)
) ENGINE=InnoDB DEFAULT CHARSET=utf8 COLLATE=utf8_unicode_ci;

--
-- Dumping data for table `phppos_modules_actions`
--

INSERT INTO `phppos_modules_actions` (`action_id`, `module_id`, `action_name_key`, `sort`) VALUES
('add_update', 'customers', 'module_action_add_update', 1),
('add_update', 'employees', 'module_action_add_update', 130),
('add_update', 'exchanges', 'module_action_add_update', 95),
('add_update', 'expenses', 'module_action_add_update', 180),
('add_update', 'incomes', 'module_action_add_update', 155),
('add_update', 'item_kits', 'module_action_add_update', 70),
('add_update', 'items', 'module_action_add_update', 40),
('add_update', 'suppliers', 'module_action_add_update', 100),
('delete', 'customers', 'module_action_delete', 20),
('delete', 'employees', 'module_action_delete', 140),
('delete', 'exchanges', 'module_action_delete', 96),
('delete', 'expenses', 'module_action_delete', 190),
('delete', 'incomes', 'module_action_delete', 160),
('delete', 'item_kits', 'module_action_delete', 80),
('delete', 'items', 'module_action_delete', 50),
('delete', 'suppliers', 'module_action_delete', 110),
('edit_sale_price', 'sales', 'module_edit_sale_price', 170),
('search', 'customers', 'module_action_search_customers', 30),
('search', 'employees', 'module_action_search_employees', 150),
('search', 'item_kits', 'module_action_search_item_kits', 90),
('search', 'items', 'module_action_search_items', 60),
('search', 'suppliers', 'module_action_search_suppliers', 120),
('see_cost_price', 'items', 'module_see_cost_price', 61);

-- --------------------------------------------------------

--
-- Table structure for table `phppos_people`
--

CREATE TABLE IF NOT EXISTS `phppos_people` (
  `first_name` varchar(255) COLLATE utf8_unicode_ci NOT NULL,
  `last_name` varchar(255) COLLATE utf8_unicode_ci NOT NULL,
  `phone_number` varchar(255) COLLATE utf8_unicode_ci NOT NULL,
  `email` varchar(255) COLLATE utf8_unicode_ci NOT NULL,
  `address_1` varchar(255) COLLATE utf8_unicode_ci NOT NULL,
  `address_2` varchar(255) COLLATE utf8_unicode_ci NOT NULL,
  `city` varchar(255) COLLATE utf8_unicode_ci NOT NULL,
  `state` varchar(255) COLLATE utf8_unicode_ci NOT NULL,
  `zip` varchar(255) COLLATE utf8_unicode_ci NOT NULL,
  `country` varchar(255) COLLATE utf8_unicode_ci NOT NULL,
  `comments` text COLLATE utf8_unicode_ci NOT NULL,
  `person_id` int(10) NOT NULL AUTO_INCREMENT,
  `test` varchar(255) COLLATE utf8_unicode_ci DEFAULT NULL,
  PRIMARY KEY (`person_id`),
  KEY `first_name` (`first_name`),
  KEY `last_name` (`last_name`),
  KEY `email` (`email`)
) ENGINE=InnoDB  DEFAULT CHARSET=utf8 COLLATE=utf8_unicode_ci AUTO_INCREMENT=27 ;

--
-- Dumping data for table `phppos_people`
--

INSERT INTO `phppos_people` (`first_name`, `last_name`, `phone_number`, `email`, `address_1`, `address_2`, `city`, `state`, `zip`, `country`, `comments`, `person_id`, `test`) VALUES
('bunthoeun', 'single', '555-555-5555', 'bunthoeunmake@gmail.com', 'Address 1', '', '', '', '', '', '', 1, NULL),
('Sale', 'sa', '', '', '', '', '', '', '', '', '', 2, NULL),
('Sovann', 'Tong', '', '', '', '', '', '', '', '', '', 3, NULL),
('', '', '', '', '', '', '', '', '', '', '', 6, NULL),
('មេន', 'សុដា', '', 'bsite168@gmail.com', '', '', '', '', '', '', '', 7, ''),
('So', 'van', '', 'bunthoeunsingle3@gmail.com', '', '', '', '', '', '', '', 8, ''),
('វាល', 'កោស', '', 'bunthoeunmake@gmail.com', '', '', '', '', '', '', '', 9, ''),
('Vichet', 'Sam', '070551777', 'georgeciccone75@gmail.com', '', '', '', '', '', '', '', 10, NULL),
('Samdy', 'Lonh', '070552777', 'makejonh4@gmail.com', '', '', '', '', '', '', '', 11, NULL),
('na', 'na', '017734311', 'sreynuon@yahoo.com', '', '', '', '', '', '', '', 12, NULL),
('ds', 'ss', '', '', '', '', '', '', '', '', '', 13, NULL),
('www', 'wwww', '', '', '', '', '', '', '', '', '', 14, NULL),
('n', 'v', '', '', '', '', '', '', '', '', '', 15, NULL),
('sreynuon', 'chhim', '', 'sreynuon.chhim@yahoo.com', '', '', '', '', '', '', '', 16, 'Update'),
('tevi', 'kunthea', '098989880', 'kuntheatevi@yahoo.com', 'takeo', 'phnompenh', 'phnompenh', 'compuchea', '', 'cambodia', 'just test this sys ', 17, NULL),
('ka', 'nana', '', '', '', '', '', '', '', '', '', 19, NULL),
('ABC', 'FFF', '', '', '', '', '', '', '', '', '', 20, 'Update'),
('fake', 'bunthoeun', '', 'bsite168@gmail.com', '', '', '', '', '', '', '', 21, ''),
('last', 'record', '', '', '', '', '', '', '', '', '', 22, ''),
('mey ', 'mok', '', '', '', '', '', '', '', '', '', 23, NULL),
('nola', 'fik', '', '', '', '', '', '', '', '', '', 24, NULL),
('no', 'Soka', '', '', '', '', '', '', '', '', '', 25, NULL),
('dol', 'lar', '', '', '', '', '', '', '', '', '', 26, NULL);

-- --------------------------------------------------------

--
-- Table structure for table `phppos_permissions`
--

CREATE TABLE IF NOT EXISTS `phppos_permissions` (
  `module_id` varchar(255) COLLATE utf8_unicode_ci NOT NULL,
  `person_id` int(10) NOT NULL,
  PRIMARY KEY (`module_id`,`person_id`),
  KEY `person_id` (`person_id`)
) ENGINE=InnoDB DEFAULT CHARSET=utf8 COLLATE=utf8_unicode_ci;

--
-- Dumping data for table `phppos_permissions`
--

INSERT INTO `phppos_permissions` (`module_id`, `person_id`) VALUES
('config', 1),
('customers', 1),
('employees', 1),
('exchanges', 1),
('expenses', 1),
('giftcards', 1),
('incomes', 1),
('item_kits', 1),
('items', 1),
('receivings', 1),
('reports', 1),
('sales', 1),
('suppliers', 1),
('customers', 2),
('sales', 2),
('config', 3),
('customers', 3),
('employees', 3),
('items', 3),
('receivings', 3),
('reports', 3),
('sales', 3),
('suppliers', 3);

-- --------------------------------------------------------

--
-- Table structure for table `phppos_permissions_actions`
--

CREATE TABLE IF NOT EXISTS `phppos_permissions_actions` (
  `module_id` varchar(100) COLLATE utf8_unicode_ci NOT NULL,
  `person_id` int(11) NOT NULL,
  `action_id` varchar(100) COLLATE utf8_unicode_ci NOT NULL,
  PRIMARY KEY (`module_id`,`person_id`,`action_id`),
  KEY `phppos_permissions_actions_ibfk_2` (`person_id`),
  KEY `phppos_permissions_actions_ibfk_3` (`action_id`)
) ENGINE=InnoDB DEFAULT CHARSET=utf8 COLLATE=utf8_unicode_ci;

--
-- Dumping data for table `phppos_permissions_actions`
--

INSERT INTO `phppos_permissions_actions` (`module_id`, `person_id`, `action_id`) VALUES
('customers', 1, 'search'),
('employees', 1, 'add_update'),
('employees', 1, 'delete'),
('employees', 1, 'search'),
('exchanges', 1, 'add_update'),
('exchanges', 1, 'delete'),
('expenses', 1, 'add_update'),
('expenses', 1, 'delete'),
('incomes', 1, 'add_update'),
('incomes', 1, 'delete'),
('item_kits', 1, 'add_update'),
('item_kits', 1, 'delete'),
('item_kits', 1, 'search'),
('items', 1, 'add_update'),
('items', 1, 'delete'),
('items', 1, 'search'),
('items', 1, 'see_cost_price'),
('sales', 1, 'edit_sale_price'),
('suppliers', 1, 'add_update'),
('suppliers', 1, 'delete'),
('suppliers', 1, 'search'),
('customers', 2, 'add_update'),
('customers', 2, 'search'),
('customers', 3, 'add_update'),
('customers', 3, 'delete'),
('customers', 3, 'search'),
('employees', 3, 'add_update'),
('employees', 3, 'delete'),
('employees', 3, 'search'),
('items', 3, 'add_update'),
('items', 3, 'delete'),
('items', 3, 'search'),
('items', 3, 'see_cost_price'),
('sales', 3, 'edit_sale_price'),
('suppliers', 3, 'add_update'),
('suppliers', 3, 'delete'),
('suppliers', 3, 'search');

-- --------------------------------------------------------

--
-- Table structure for table `phppos_receivings`
--

CREATE TABLE IF NOT EXISTS `phppos_receivings` (
  `receiving_time` timestamp NOT NULL DEFAULT CURRENT_TIMESTAMP,
  `supplier_id` int(10) DEFAULT NULL,
  `employee_id` int(10) NOT NULL DEFAULT '0',
  `comment` text COLLATE utf8_unicode_ci NOT NULL,
  `receiving_id` int(10) NOT NULL AUTO_INCREMENT,
  `payment_type` varchar(255) COLLATE utf8_unicode_ci DEFAULT NULL,
  `deleted` int(1) NOT NULL DEFAULT '0',
  PRIMARY KEY (`receiving_id`),
  KEY `supplier_id` (`supplier_id`),
  KEY `employee_id` (`employee_id`),
  KEY `deleted` (`deleted`)
) ENGINE=InnoDB  DEFAULT CHARSET=utf8 COLLATE=utf8_unicode_ci AUTO_INCREMENT=28 ;

--
-- Dumping data for table `phppos_receivings`
--

INSERT INTO `phppos_receivings` (`receiving_time`, `supplier_id`, `employee_id`, `comment`, `receiving_id`, `payment_type`, `deleted`) VALUES
('2013-04-02 08:10:06', NULL, 1, '', 1, 'សាច់ប្រាក់', 0),
('2013-04-02 09:33:24', 10, 1, '', 2, 'កត់​ចូល​បញ្ជី', 0),
('2013-04-02 09:37:47', 10, 1, '', 7, 'កត់​ចូល​បញ្ជី', 0),
('2013-04-02 09:50:47', 10, 1, '', 12, 'កត់​ចូល​បញ្ជី', 0),
('2013-04-02 10:00:57', 10, 1, '', 13, 'កត់​ចូល​បញ្ជី', 0),
('2017-10-24 04:32:11', 10, 1, '', 14, 'Store account', 0),
('2017-10-24 04:33:50', 10, 1, '', 15, 'Store account', 0),
('2017-10-24 04:35:46', 10, 1, '', 16, 'Cash', 0),
('2017-10-24 04:37:21', 10, 1, '', 17, 'Cash', 0),
('2017-10-24 04:44:24', 10, 1, '', 18, 'Store account', 0),
('2017-10-24 04:44:24', 10, 1, '', 19, 'Store account', 0),
('2017-10-24 04:48:28', 10, 1, '', 20, 'Store account', 0),
('2017-10-24 04:50:22', 10, 1, '', 21, 'Store account', 0),
('2017-10-25 02:34:58', 10, 1, '', 22, 'Store account', 0),
('2017-10-25 03:09:07', 10, 1, '', 23, 'Store account', 0),
('2017-10-25 03:24:47', 10, 1, '', 24, 'Store account', 0),
('2017-10-26 08:38:23', 10, 1, '', 25, 'Store account', 0),
('2017-10-26 08:39:39', 10, 1, '', 26, 'Store account', 0),
('2017-11-06 09:29:52', 10, 1, '', 27, 'Store account', 0);

-- --------------------------------------------------------

--
-- Table structure for table `phppos_receivings_items`
--

CREATE TABLE IF NOT EXISTS `phppos_receivings_items` (
  `receiving_id` int(10) NOT NULL DEFAULT '0',
  `item_id` int(10) NOT NULL DEFAULT '0',
  `description` varchar(255) COLLATE utf8_unicode_ci DEFAULT NULL,
  `serialnumber` varchar(255) COLLATE utf8_unicode_ci DEFAULT NULL,
  `line` int(3) NOT NULL,
  `quantity_purchased` int(10) NOT NULL DEFAULT '0',
  `item_cost_price` decimal(15,2) NOT NULL,
  `item_unit_price` decimal(15,2) NOT NULL,
  `discount_percent` int(11) NOT NULL DEFAULT '0',
  PRIMARY KEY (`receiving_id`,`item_id`,`line`),
  KEY `item_id` (`item_id`)
) ENGINE=InnoDB DEFAULT CHARSET=utf8 COLLATE=utf8_unicode_ci;

--
-- Dumping data for table `phppos_receivings_items`
--

INSERT INTO `phppos_receivings_items` (`receiving_id`, `item_id`, `description`, `serialnumber`, `line`, `quantity_purchased`, `item_cost_price`, `item_unit_price`, `discount_percent`) VALUES
(1, 14, '', '0', 1, 10000, '1.50', '1.50', 0),
(2, 45, '', '0', 1, 100, '1.20', '1.20', 0),
(7, 42, '', '0', 1, 1000, '2.00', '2.00', 0),
(12, 39, '', '0', 1, 1000, '2.00', '2.00', 0),
(13, 39, '', '0', 1, 100, '2.00', '2.00', 0),
(14, 47, '', '', 2, 2, '1.50', '1.50', 0),
(14, 72, '', '', 1, 1, '1.00', '1.00', 0),
(14, 78, '', '', 3, 1, '1.60', '1.60', 0),
(15, 69, '', '', 2, 1, '3.50', '3.50', 0),
(15, 71, '', '', 3, 1, '1.20', '1.20', 0),
(15, 72, '', '', 1, 1, '1.00', '1.00', 0),
(16, 10, '', '', 1, 1, '1.50', '1.50', 0),
(17, 17, '', '', 2, 1, '1.20', '1.20', 0),
(17, 47, '', '', 1, 1, '1.50', '1.50', 0),
(18, 67, '', '', 1, -1, '3.50', '3.50', 0),
(19, 67, '', '', 1, -1, '3.50', '3.50', 0),
(20, 86, '', '', 1, 1, '40.00', '40.00', 0),
(21, 86, '', '', 1, -1, '40.00', '40.00', 0),
(22, 86, '', '0', 1, 5, '40.00', '40.00', 0),
(23, 86, '', '0', 1, 6, '40.00', '40.00', 0),
(24, 86, '', '', 1, -2, '40.00', '40.00', 0),
(25, 1, '', '', 5, 1, '1.20', '1.20', 0),
(25, 2, '', '', 3, 2, '1.50', '1.50', 0),
(25, 3, '', '', 8, 1, '1.50', '1.50', 0),
(25, 4, '', '', 2, 2, '1.00', '1.00', 0),
(25, 5, '', '', 4, 3, '1.00', '1.00', 0),
(25, 7, '', '', 7, 1, '1.20', '1.20', 0),
(25, 56, '', '', 6, 2, '1.50', '1.50', 0),
(25, 72, '', '', 1, 1, '1.00', '1.00', 0),
(26, 71, '', '', 2, -1, '1.20', '1.20', 0),
(26, 72, '', '', 1, -1, '1.00', '1.00', 0),
(27, 72, '', '0', 1, 10, '1.00', '2.00', 0);

-- --------------------------------------------------------

--
-- Table structure for table `phppos_register_log`
--

CREATE TABLE IF NOT EXISTS `phppos_register_log` (
  `register_log_id` int(10) NOT NULL AUTO_INCREMENT,
  `employee_id` int(10) NOT NULL,
  `shift_start` timestamp NOT NULL DEFAULT '0000-00-00 00:00:00',
  `shift_end` timestamp NOT NULL DEFAULT '0000-00-00 00:00:00',
  `open_amount` double(15,2) NOT NULL,
  `close_amount` double(15,2) NOT NULL,
  `cash_sales_amount` double(15,2) NOT NULL,
  PRIMARY KEY (`register_log_id`),
  KEY `phppos_register_log_ibfk_1` (`employee_id`)
) ENGINE=InnoDB  DEFAULT CHARSET=utf8 COLLATE=utf8_unicode_ci AUTO_INCREMENT=2 ;

--
-- Dumping data for table `phppos_register_log`
--

INSERT INTO `phppos_register_log` (`register_log_id`, `employee_id`, `shift_start`, `shift_end`, `open_amount`, `close_amount`, `cash_sales_amount`) VALUES
(1, 1, '2013-03-29 04:32:50', '0000-00-00 00:00:00', 200.00, 0.00, 0.00);

-- --------------------------------------------------------

--
-- Table structure for table `phppos_sales`
--

CREATE TABLE IF NOT EXISTS `phppos_sales` (
  `sale_time` timestamp NOT NULL DEFAULT CURRENT_TIMESTAMP,
  `customer_id` int(10) DEFAULT NULL,
  `employee_id` int(10) NOT NULL DEFAULT '0',
  `comment` text COLLATE utf8_unicode_ci NOT NULL,
  `sale_id` int(10) NOT NULL AUTO_INCREMENT,
  `payment_type` varchar(255) COLLATE utf8_unicode_ci DEFAULT NULL,
  `deleted` int(1) NOT NULL DEFAULT '0',
  `suspended` int(1) NOT NULL DEFAULT '0',
  PRIMARY KEY (`sale_id`),
  KEY `customer_id` (`customer_id`),
  KEY `employee_id` (`employee_id`),
  KEY `deleted` (`deleted`)
) ENGINE=InnoDB  DEFAULT CHARSET=utf8 COLLATE=utf8_unicode_ci AUTO_INCREMENT=34 ;

--
-- Dumping data for table `phppos_sales`
--

INSERT INTO `phppos_sales` (`sale_time`, `customer_id`, `employee_id`, `comment`, `sale_id`, `payment_type`, `deleted`, `suspended`) VALUES
('2013-03-29 04:12:17', 7, 1, '', 1, 'Cash: $291.50<br />', 0, 0),
('2013-03-13 17:00:00', 9, 3, '', 2, '', 1, 0),
('2014-06-04 01:42:19', 8, 1, '', 3, '2014-06-04 08:42:13 Cash: $1.20<br />', 0, 0),
('2013-03-29 09:04:27', 9, 3, '', 4, '2013-03-29 16:04:25 សាច់ប្រាក់: $1.50<br />', 0, 0),
('2013-03-29 09:53:23', NULL, 3, '', 5, '2013-03-29 16:52:52 សាច់ប្រាក់: $1.00<br />2013-03-29 16:53:16 សាច់ប្រាក់: $0.60<br />', 0, 0),
('2013-04-02 04:18:10', 8, 1, '', 6, '2013-04-02 11:18:06 សាច់ប្រាក់: $20.00<br />', 1, 1),
('2017-10-23 08:37:23', 9, 1, '', 7, '2017-10-23 15:37:20 សាច់ប្រាក់: $124.93<br />', 0, 0),
('2017-10-23 03:08:40', NULL, 1, '', 8, '2017-10-23 10:08:34 Cash: $4.60<br />', 0, 0),
('2017-10-23 03:46:10', NULL, 1, '', 9, '2017-10-23 10:46:06 Cash: $3.00<br />', 0, 0),
('2017-10-23 03:47:23', NULL, 1, '', 10, '2017-10-23 10:47:18 សាច់ប្រាក់: $3.00<br />', 0, 0),
('2017-10-23 07:55:20', NULL, 1, '', 11, '', 0, 1),
('2017-10-23 04:46:45', NULL, 1, '', 12, '', 0, 1),
('2017-10-23 09:54:36', 7, 1, '', 13, '2017-10-23 16:54:32 Cash: $1.20<br />', 0, 0),
('2017-10-24 02:30:56', 7, 1, '', 14, '2017-10-24 09:30:44 Cash: $38.40<br />', 0, 0),
('2017-10-25 01:16:03', 7, 1, '', 15, '2017-10-25 08:12:43 Cash: $2.90<br />', 0, 0),
('2017-10-25 01:18:52', NULL, 1, '', 16, '2017-10-25 08:18:44 Cash: $5.50<br />', 0, 0),
('2017-10-25 01:26:35', 8, 1, '', 17, '2017-10-25 08:26:30 Cash: $250.00<br />', 0, 0),
('2017-10-25 02:21:54', 7, 1, '', 18, '2017-10-25 09:21:20 Cash: -$200.00<br />2017-10-25 09:21:50 Cash: -$50.00<br />', 0, 0),
('2017-10-25 02:33:36', NULL, 1, '', 19, '2017-10-25 09:32:34 Cash: -$50.00<br />', 0, 0),
('2017-10-25 07:13:19', 7, 1, '', 20, '2017-10-25 13:10:44 Cash: $37.90<br />2017-10-25 13:11:28 Cash: $3.80<br />', 0, 0),
('2017-10-26 08:41:09', 17, 1, '', 21, '2017-10-26 15:41:04 Cash: $55.50<br />', 0, 0),
('2017-10-26 08:45:45', NULL, 1, '', 22, '2017-10-26 15:45:41 Cash: -$1.20<br />', 0, 0),
('2017-10-31 04:02:11', NULL, 1, '', 23, '2017-10-31 10:27:24 Cash: $ 1.20<br />2017-10-31 11:02:08 Cash: $ 3.20<br />', 0, 0),
('2017-10-31 04:06:48', NULL, 1, '', 24, '2017-10-31 11:06:44 Cash: $ 3.80<br />', 0, 0),
('2017-10-31 04:08:12', NULL, 1, '', 25, '2017-10-31 11:08:08 Cash: $ 1.60<br />', 0, 0),
('2017-10-31 04:19:24', NULL, 1, '', 26, '2017-10-31 11:19:07 Cash: -$ 3.80<br />', 0, 0),
('2017-10-31 04:22:19', NULL, 1, '', 27, '2017-10-31 11:22:16 Cash: $ 2.50<br />', 0, 0),
('2017-10-31 06:29:37', NULL, 1, '', 28, '2017-10-31 11:30:11 Cash: $ 1.60<br />', 0, 0),
('2017-10-31 06:56:45', NULL, 1, '', 29, '2017-10-31 13:39:48 Cash: $ 3.80<br />', 0, 0),
('2017-10-31 07:03:53', NULL, 1, '', 30, '2017-10-31 14:03:04 Cash: $ 31.30<br />', 0, 0),
('2017-10-31 07:12:43', NULL, 1, '', 31, '2017-10-31 14:12:23 Cash: $ 3.80<br />', 0, 0),
('2017-11-06 09:31:24', NULL, 1, '', 32, '2017-11-06 16:31:08 Cash: $ 1.20<br />', 0, 0),
('2017-11-06 09:39:16', NULL, 1, '', 33, '2017-11-06 16:38:45 Cash: $ 3.00<br />', 0, 0);

-- --------------------------------------------------------

--
-- Table structure for table `phppos_sales_items`
--

CREATE TABLE IF NOT EXISTS `phppos_sales_items` (
  `sale_id` int(10) NOT NULL DEFAULT '0',
  `item_id` int(10) NOT NULL DEFAULT '0',
  `description` varchar(255) COLLATE utf8_unicode_ci DEFAULT NULL,
  `serialnumber` varchar(255) COLLATE utf8_unicode_ci DEFAULT NULL,
  `line` int(3) NOT NULL DEFAULT '0',
  `quantity_purchased` decimal(15,2) NOT NULL DEFAULT '0.00',
  `item_cost_price` decimal(15,2) NOT NULL,
  `item_unit_price` decimal(15,2) NOT NULL,
  `discount_percent` int(11) NOT NULL DEFAULT '0',
  PRIMARY KEY (`sale_id`,`item_id`,`line`),
  KEY `item_id` (`item_id`)
) ENGINE=InnoDB DEFAULT CHARSET=utf8 COLLATE=utf8_unicode_ci;

--
-- Dumping data for table `phppos_sales_items`
--

INSERT INTO `phppos_sales_items` (`sale_id`, `item_id`, `description`, `serialnumber`, `line`, `quantity_purchased`, `item_cost_price`, `item_unit_price`, `discount_percent`) VALUES
(1, 81, '', '', 1, '53.00', '6.00', '5.50', 0),
(2, 45, '', '', 1, '100.00', '1.20', '1.50', 0),
(3, 12, '', '', 1, '1.00', '1.00', '1.20', 0),
(4, 45, '', '', 1, '1.00', '1.20', '1.50', 0),
(5, 16, '', '', 1, '1.00', '1.50', '1.60', 0),
(6, 76, '', '', 1, '100.00', '1.00', '1.20', 0),
(7, 10, '', '', 1, '1.00', '1.50', '1.80', 0),
(7, 41, '', '', 2, '1.00', '2.00', '2.50', 0),
(7, 71, '', '', 3, '2.00', '1.20', '1.50', 0),
(7, 73, '', '', 4, '100.54', '1.00', '1.30', 10),
(8, 6, '', '', 2, '1.00', '1.20', '1.60', 0),
(8, 10, '', '', 3, '1.00', '1.50', '1.80', 0),
(8, 72, '', '', 1, '1.00', '1.00', '1.20', 0),
(9, 10, '', '', 2, '1.00', '1.50', '1.80', 0),
(9, 72, '', '', 1, '1.00', '1.00', '1.20', 0),
(10, 10, '', '', 1, '1.00', '1.50', '1.80', 0),
(10, 66, '', '', 2, '1.00', '1.00', '1.20', 0),
(11, 2, '', '', 4, '1.00', '1.50', '1.80', 0),
(11, 47, '', '', 1, '1.00', '1.50', '1.60', 0),
(11, 69, '', '', 2, '1.00', '3.50', '3.80', 20),
(11, 71, '', '', 3, '2.00', '1.20', '1.50', 10),
(12, 16, '', '', 2, '1.00', '1.50', '1.60', 0),
(12, 47, '', '', 1, '1.00', '1.50', '1.60', 0),
(13, 72, '', '', 1, '1.00', '1.00', '1.20', 0),
(14, 3, '', '', 6, '7.00', '1.50', '1.80', 0),
(14, 13, '', '', 2, '1.00', '1.00', '0.80', 0),
(14, 18, '', '', 3, '6.00', '1.20', '1.30', 0),
(14, 40, '', '', 5, '6.00', '2.00', '2.50', 0),
(14, 72, '', '', 1, '1.00', '1.00', '1.20', 0),
(14, 83, '', '', 4, '1.00', '10.00', '1.00', 0),
(15, 72, '', '', 1, '1.00', '1.00', '1.20', 0),
(15, 78, '', '', 2, '1.00', '1.60', '1.70', 0),
(16, 67, '', '', 1, '1.00', '3.50', '3.80', 0),
(16, 78, '', '', 2, '1.00', '1.60', '1.70', 0),
(17, 86, '', '', 1, '1.00', '40.00', '50.00', 0),
(17, 86, '', '', 2, '1.00', '40.00', '50.00', 0),
(17, 86, '', '', 3, '3.00', '40.00', '50.00', 0),
(18, 86, '', '', 1, '-5.00', '40.00', '50.00', 0),
(19, 86, '', '', 1, '-1.00', '40.00', '50.00', 0),
(20, 67, '', '', 6, '1.00', '3.50', '3.80', 0),
(20, 69, '', '', 4, '1.00', '3.50', '3.80', 0),
(20, 72, '', '', 1, '2.00', '1.00', '1.20', 0),
(20, 78, '', '', 5, '1.00', '1.60', '1.70', 0),
(20, 86, '', '', 2, '1.00', '10.00', '30.00', 0),
(21, 68, '', '', 2, '1.00', '3.50', '3.80', 0),
(21, 78, '', '', 1, '1.00', '1.60', '1.70', 0),
(22, 72, '', '', 1, '-1.00', '1.00', '1.20', 0),
(23, 63, '', '', 2, '1.00', '3.00', '3.20', 0),
(23, 72, '', '', 1, '1.00', '1.00', '1.20', 0),
(24, 67, '', '', 1, '1.00', '3.50', '3.80', 0),
(25, 47, '', '', 1, '1.00', '1.50', '1.60', 0),
(26, 67, '', '', 1, '-1.00', '3.50', '3.80', 0),
(27, 41, '', '', 1, '1.00', '2.00', '2.50', 0),
(28, 47, '', '', 1, '1.00', '1.50', '1.60', 0),
(29, 67, '', '', 1, '1.00', '3.50', '3.80', 0),
(30, 64, '', '', 2, '1.00', '1.20', '1.30', 0),
(30, 86, '', '', 1, '1.00', '10.00', '30.00', 0),
(31, 77, '', '', 1, '1.00', '3.50', '3.80', 0),
(32, 72, '', '', 1, '1.00', '1.00', '1.20', 0),
(33, 7, '', '', 2, '1.00', '1.20', '1.50', 0),
(33, 71, '', '', 1, '1.00', '1.20', '1.50', 0);

-- --------------------------------------------------------

--
-- Table structure for table `phppos_sales_items_taxes`
--

CREATE TABLE IF NOT EXISTS `phppos_sales_items_taxes` (
  `sale_id` int(10) NOT NULL,
  `item_id` int(10) NOT NULL,
  `line` int(3) NOT NULL DEFAULT '0',
  `name` varchar(255) COLLATE utf8_unicode_ci NOT NULL,
  `percent` decimal(15,3) NOT NULL,
  `cumulative` int(1) NOT NULL DEFAULT '0',
  PRIMARY KEY (`sale_id`,`item_id`,`line`,`name`,`percent`),
  KEY `item_id` (`item_id`)
) ENGINE=InnoDB DEFAULT CHARSET=utf8 COLLATE=utf8_unicode_ci;

-- --------------------------------------------------------

--
-- Table structure for table `phppos_sales_item_kits`
--

CREATE TABLE IF NOT EXISTS `phppos_sales_item_kits` (
  `sale_id` int(10) NOT NULL DEFAULT '0',
  `item_kit_id` int(10) NOT NULL DEFAULT '0',
  `description` varchar(255) COLLATE utf8_unicode_ci DEFAULT NULL,
  `line` int(3) NOT NULL DEFAULT '0',
  `quantity_purchased` decimal(15,2) NOT NULL DEFAULT '0.00',
  `item_kit_cost_price` decimal(15,2) NOT NULL,
  `item_kit_unit_price` decimal(15,2) NOT NULL,
  `discount_percent` int(11) NOT NULL DEFAULT '0',
  PRIMARY KEY (`sale_id`,`item_kit_id`,`line`),
  KEY `item_kit_id` (`item_kit_id`)
) ENGINE=InnoDB DEFAULT CHARSET=utf8 COLLATE=utf8_unicode_ci;

--
-- Dumping data for table `phppos_sales_item_kits`
--

INSERT INTO `phppos_sales_item_kits` (`sale_id`, `item_kit_id`, `description`, `line`, `quantity_purchased`, `item_kit_cost_price`, `item_kit_unit_price`, `discount_percent`) VALUES
(21, 1, '', 3, '1.00', '45.00', '50.00', 0);

-- --------------------------------------------------------

--
-- Table structure for table `phppos_sales_item_kits_taxes`
--

CREATE TABLE IF NOT EXISTS `phppos_sales_item_kits_taxes` (
  `sale_id` int(10) NOT NULL,
  `item_kit_id` int(10) NOT NULL,
  `line` int(3) NOT NULL DEFAULT '0',
  `name` varchar(255) COLLATE utf8_unicode_ci NOT NULL,
  `percent` decimal(15,3) NOT NULL,
  `cumulative` int(1) NOT NULL DEFAULT '0',
  PRIMARY KEY (`sale_id`,`item_kit_id`,`line`,`name`,`percent`),
  KEY `item_id` (`item_kit_id`)
) ENGINE=InnoDB DEFAULT CHARSET=utf8 COLLATE=utf8_unicode_ci;

-- --------------------------------------------------------

--
-- Table structure for table `phppos_sales_payments`
--

CREATE TABLE IF NOT EXISTS `phppos_sales_payments` (
  `id` int(11) NOT NULL AUTO_INCREMENT,
  `sale_id` int(10) DEFAULT NULL,
  `payment_type` varchar(255) COLLATE utf8_unicode_ci DEFAULT NULL,
  `payment_amount` decimal(15,2) DEFAULT NULL,
  `payment_date` datetime DEFAULT NULL,
  PRIMARY KEY (`id`),
  KEY `sale_id` (`sale_id`)
) ENGINE=InnoDB  DEFAULT CHARSET=utf8 COLLATE=utf8_unicode_ci AUTO_INCREMENT=63 ;

--
-- Dumping data for table `phppos_sales_payments`
--

INSERT INTO `phppos_sales_payments` (`id`, `sale_id`, `payment_type`, `payment_amount`, `payment_date`) VALUES
(1, 1, 'Cash', '291.50', '0000-00-00 00:00:00'),
(21, 2, 'Cash', '10.00', '2013-03-25 15:12:27'),
(22, 2, 'សាច់ប្រាក់', '10.00', '2013-03-26 15:12:27'),
(23, 2, 'សាច់ប្រាក់', '30.00', '2013-03-27 15:12:27'),
(24, 2, 'សាច់ប្រាក់', '10.00', '2013-03-28 15:12:37'),
(25, 2, 'សាច់ប្រាក់', '20.00', '2013-03-29 15:32:44'),
(26, 2, 'សាច់ប្រាក់', '70.00', '2013-03-29 15:56:04'),
(30, 4, 'សាច់ប្រាក់', '1.50', '2013-03-29 16:04:25'),
(31, 5, 'សាច់ប្រាក់', '1.00', '2013-03-29 16:52:52'),
(32, 5, 'សាច់ប្រាក់', '0.60', '2013-03-29 16:53:16'),
(33, 6, 'សាច់ប្រាក់', '20.00', '2013-04-02 11:18:06'),
(34, 3, 'Cash', '1.20', '2014-06-04 08:42:13'),
(35, 8, 'Cash', '4.60', '2017-10-23 10:08:34'),
(36, 9, 'Cash', '3.00', '2017-10-23 10:46:06'),
(37, 10, 'សាច់ប្រាក់', '3.00', '2017-10-23 10:47:18'),
(38, 7, 'សាច់ប្រាក់', '124.93', '2017-10-23 15:37:20'),
(39, 13, 'Cash', '1.20', '2017-10-23 16:54:32'),
(40, 14, 'Cash', '38.40', '2017-10-24 09:30:44'),
(41, 15, 'Cash', '2.90', '2017-10-25 08:12:43'),
(42, 16, 'Cash', '5.50', '2017-10-25 08:18:44'),
(43, 17, 'Cash', '250.00', '2017-10-25 08:26:30'),
(44, 18, 'Cash', '-200.00', '2017-10-25 09:21:20'),
(45, 18, 'Cash', '-50.00', '2017-10-25 09:21:50'),
(46, 19, 'Cash', '-50.00', '2017-10-25 09:32:34'),
(47, 20, 'Cash', '37.90', '2017-10-25 13:10:44'),
(48, 20, 'Cash', '3.80', '2017-10-25 13:11:28'),
(49, 21, 'Cash', '55.50', '2017-10-26 15:41:04'),
(50, 22, 'Cash', '-1.20', '2017-10-26 15:45:41'),
(51, 23, 'Cash', '1.20', '2017-10-31 10:27:24'),
(52, 23, 'Cash', '3.20', '2017-10-31 11:02:08'),
(53, 24, 'Cash', '3.80', '2017-10-31 11:06:44'),
(54, 25, 'Cash', '1.60', '2017-10-31 11:08:08'),
(55, 26, 'Cash', '-3.80', '2017-10-31 11:19:07'),
(56, 27, 'Cash', '2.50', '2017-10-31 11:22:16'),
(57, 28, 'Cash', '1.60', '2017-10-31 11:30:11'),
(58, 29, 'Cash', '3.80', '2017-10-31 13:39:48'),
(59, 30, 'Cash', '31.30', '2017-10-31 14:03:04'),
(60, 31, 'Cash', '3.80', '2017-10-31 14:12:23'),
(61, 32, 'Cash', '1.20', '2017-11-06 16:31:08'),
(62, 33, 'Cash', '3.00', '2017-11-06 16:38:45');

-- --------------------------------------------------------

--
-- Table structure for table `phppos_sessions`
--

CREATE TABLE IF NOT EXISTS `phppos_sessions` (
  `session_id` varchar(40) COLLATE utf8_unicode_ci NOT NULL DEFAULT '0',
  `ip_address` varchar(45) COLLATE utf8_unicode_ci NOT NULL DEFAULT '0',
  `user_agent` varchar(120) COLLATE utf8_unicode_ci NOT NULL,
  `last_activity` int(10) unsigned NOT NULL DEFAULT '0',
  `user_data` text COLLATE utf8_unicode_ci,
  PRIMARY KEY (`session_id`),
  KEY `last_activity_idx` (`last_activity`)
) ENGINE=InnoDB DEFAULT CHARSET=utf8 COLLATE=utf8_unicode_ci;

--
-- Dumping data for table `phppos_sessions`
--

INSERT INTO `phppos_sessions` (`session_id`, `ip_address`, `user_agent`, `last_activity`, `user_data`) VALUES
('0bc4a643a4d1e6435246606d0337b593', '::1', 'Mozilla/5.0 (Windows NT 6.3; Win64; x64) AppleWebKit/537.36 (KHTML, like Gecko) Chrome/61.0.3163.100 Safari/537.36', 1509933314, 'a:5:{s:9:"user_data";s:0:"";s:9:"person_id";s:1:"1";s:8:"cartRecv";a:0:{}s:9:"recv_mode";s:7:"receive";s:8:"supplier";i:-1;}'),
('949b9dd62073021fe258f8430ae04102', '::1', 'Mozilla/5.0 (Windows NT 6.3; Win64; x64) AppleWebKit/537.36 (KHTML, like Gecko) Chrome/61.0.3163.100 Safari/537.36', 1510017217, 'a:10:{s:9:"user_data";s:0:"";s:9:"person_id";s:1:"1";s:8:"cartRecv";a:0:{}s:9:"recv_mode";s:7:"receive";s:8:"supplier";i:-1;s:20:"receive_payment_sale";i:0;s:4:"cart";a:0:{}s:9:"sale_mode";s:4:"sale";s:8:"customer";i:-1;s:8:"payments";a:0:{}}');

-- --------------------------------------------------------

--
-- Table structure for table `phppos_store_accounts`
--

CREATE TABLE IF NOT EXISTS `phppos_store_accounts` (
  `sno` int(11) NOT NULL AUTO_INCREMENT,
  `supplier_id` int(11) NOT NULL,
  `receiving_id` int(11) DEFAULT NULL,
  `transaction_amount` decimal(15,2) NOT NULL DEFAULT '0.00',
  `date` timestamp NOT NULL DEFAULT CURRENT_TIMESTAMP,
  `balance` decimal(15,2) NOT NULL DEFAULT '0.00',
  `comment` text COLLATE utf8_unicode_ci NOT NULL,
  `deleted` int(11) NOT NULL DEFAULT '0',
  PRIMARY KEY (`sno`),
  KEY `phppos_store_accounts_ibfk_1` (`receiving_id`),
  KEY `phppos_store_accounts_ibfk_2` (`supplier_id`)
) ENGINE=InnoDB  DEFAULT CHARSET=utf8 COLLATE=utf8_unicode_ci AUTO_INCREMENT=24 ;

--
-- Dumping data for table `phppos_store_accounts`
--

INSERT INTO `phppos_store_accounts` (`sno`, `supplier_id`, `receiving_id`, `transaction_amount`, `date`, `balance`, `comment`, `deleted`) VALUES
(1, 10, 2, '120.00', '2013-04-02 09:33:24', '120.00', '', 0),
(2, 10, 7, '2000.00', '2013-04-02 09:37:47', '2120.00', '', 0),
(3, 10, 12, '2000.00', '2013-04-02 09:50:47', '4120.00', '', 0),
(4, 10, 13, '200.00', '2013-04-02 10:00:57', '4320.00', '', 0),
(5, 10, NULL, '-320.00', '2013-04-03 06:56:00', '4000.00', '', 0),
(6, 10, NULL, '-1000.00', '2013-04-03 06:56:37', '3000.00', '', 0),
(7, 11, NULL, '-11111.00', '2013-04-05 07:16:16', '-11111.00', '', 0),
(8, 11, NULL, '-1000.00', '2017-10-24 04:31:03', '-12111.00', '', 0),
(9, 11, NULL, '2000.00', '2017-10-24 04:31:12', '-10111.00', '', 0),
(10, 10, 14, '0.00', '2017-10-24 04:32:11', '3000.00', '', 0),
(11, 10, 15, '0.00', '2017-10-24 04:33:50', '3000.00', '', 0),
(12, 10, 18, '3.50', '2017-10-24 04:44:24', '3003.50', '', 0),
(13, 10, 19, '3.50', '2017-10-24 04:44:24', '3003.50', '', 0),
(14, 10, 20, '40.00', '2017-10-24 04:48:28', '3043.50', '', 0),
(15, 10, NULL, '-40.00', '2017-10-24 04:49:10', '3003.50', '', 0),
(16, 10, 21, '0.00', '2017-10-24 04:50:22', '3003.50', '', 0),
(17, 10, 22, '200.00', '2017-10-25 02:34:58', '3203.50', '', 0),
(18, 10, NULL, '-200.00', '2017-10-25 02:35:33', '3003.50', '', 0),
(19, 10, 23, '240.00', '2017-10-25 03:09:07', '3243.50', '', 0),
(20, 10, 24, '-80.00', '2017-10-25 03:24:48', '3163.50', '', 0),
(21, 10, 25, '15.90', '2017-10-26 08:38:23', '3179.40', '', 0),
(22, 10, 26, '-2.20', '2017-10-26 08:39:39', '3177.20', '', 0),
(23, 10, 27, '20.00', '2017-11-06 09:29:52', '3197.20', '', 0);

-- --------------------------------------------------------

--
-- Table structure for table `phppos_suppliers`
--

CREATE TABLE IF NOT EXISTS `phppos_suppliers` (
  `person_id` int(10) NOT NULL,
  `company_name` varchar(255) COLLATE utf8_unicode_ci NOT NULL,
  `account_number` varchar(255) COLLATE utf8_unicode_ci DEFAULT NULL,
  `deleted` int(1) NOT NULL DEFAULT '0',
  UNIQUE KEY `account_number` (`account_number`),
  KEY `person_id` (`person_id`),
  KEY `deleted` (`deleted`)
) ENGINE=InnoDB DEFAULT CHARSET=utf8 COLLATE=utf8_unicode_ci;

--
-- Dumping data for table `phppos_suppliers`
--

INSERT INTO `phppos_suppliers` (`person_id`, `company_name`, `account_number`, `deleted`) VALUES
(6, '', NULL, 1),
(10, 'RSMK', NULL, 0),
(11, 'RESOLVO', NULL, 0),
(15, 'rsv', NULL, 1);

--
-- Constraints for dumped tables
--

--
-- Constraints for table `phppos_customers`
--
ALTER TABLE `phppos_customers`
  ADD CONSTRAINT `phppos_customers_ibfk_1` FOREIGN KEY (`person_id`) REFERENCES `phppos_people` (`person_id`);

--
-- Constraints for table `phppos_employees`
--
ALTER TABLE `phppos_employees`
  ADD CONSTRAINT `phppos_employees_ibfk_1` FOREIGN KEY (`person_id`) REFERENCES `phppos_people` (`person_id`);

--
-- Constraints for table `phppos_giftcards`
--
ALTER TABLE `phppos_giftcards`
  ADD CONSTRAINT `phppos_giftcards_ibfk_1` FOREIGN KEY (`customer_id`) REFERENCES `phppos_customers` (`person_id`);

/*!40101 SET CHARACTER_SET_CLIENT=@OLD_CHARACTER_SET_CLIENT */;
/*!40101 SET CHARACTER_SET_RESULTS=@OLD_CHARACTER_SET_RESULTS */;
/*!40101 SET COLLATION_CONNECTION=@OLD_COLLATION_CONNECTION */;
