/*
SQLyog Ultimate v9.50 
MySQL - 5.5.8-log : Database - dbvstt
*********************************************************************
*/

/*!40101 SET NAMES utf8 */;

/*!40101 SET SQL_MODE=''*/;

/*!40014 SET @OLD_UNIQUE_CHECKS=@@UNIQUE_CHECKS, UNIQUE_CHECKS=0 */;
/*!40014 SET @OLD_FOREIGN_KEY_CHECKS=@@FOREIGN_KEY_CHECKS, FOREIGN_KEY_CHECKS=0 */;
/*!40101 SET @OLD_SQL_MODE=@@SQL_MODE, SQL_MODE='NO_AUTO_VALUE_ON_ZERO' */;
/*!40111 SET @OLD_SQL_NOTES=@@SQL_NOTES, SQL_NOTES=0 */;
/*Table structure for table `phppos_app_config` */

DROP TABLE IF EXISTS `phppos_app_config`;

CREATE TABLE `phppos_app_config` (
  `key` varchar(255) COLLATE utf8_unicode_ci NOT NULL,
  `value` varchar(255) COLLATE utf8_unicode_ci NOT NULL,
  PRIMARY KEY (`key`)
) ENGINE=InnoDB DEFAULT CHARSET=utf8 COLLATE=utf8_unicode_ci;

/*Data for the table `phppos_app_config` */

insert  into `phppos_app_config`(`key`,`value`) values ('additional_payment_types',''),('address','123 Nowhere street'),('company','PHP Point Of Sale, Inc'),('currency_symbol',''),('date_format','middle_endian'),('default_tax_1_name','Sales Tax'),('default_tax_1_rate',''),('default_tax_2_cumulative','0'),('default_tax_2_name','Sales Tax 2'),('default_tax_2_rate',''),('default_tax_rate','8'),('email','sovann0101@gmail.com'),('fax',''),('hide_suspended_sales_in_reports','0'),('language','khmer'),('mailchimp_api_key',''),('number_of_items_per_page','20'),('phone','555-555-5555'),('print_after_sale','0'),('return_policy','Test'),('speed_up_search_queries','0'),('time_format','12_hour'),('timezone','Asia/Bangkok'),('track_cash','0'),('website','');

/*Table structure for table `phppos_app_files` */

DROP TABLE IF EXISTS `phppos_app_files`;

CREATE TABLE `phppos_app_files` (
  `file_id` int(10) NOT NULL AUTO_INCREMENT,
  `file_name` varchar(255) COLLATE utf8_unicode_ci NOT NULL,
  `file_data` longblob NOT NULL,
  PRIMARY KEY (`file_id`)
) ENGINE=InnoDB DEFAULT CHARSET=utf8 COLLATE=utf8_unicode_ci;

/*Data for the table `phppos_app_files` */

/*Table structure for table `phppos_customers` */

DROP TABLE IF EXISTS `phppos_customers`;

CREATE TABLE `phppos_customers` (
  `person_id` int(10) NOT NULL,
  `account_number` varchar(255) COLLATE utf8_unicode_ci DEFAULT NULL,
  `company_name` varchar(255) COLLATE utf8_unicode_ci NOT NULL,
  `taxable` int(1) NOT NULL DEFAULT '1',
  `deleted` int(1) NOT NULL DEFAULT '0',
  UNIQUE KEY `account_number` (`account_number`),
  KEY `person_id` (`person_id`),
  KEY `deleted` (`deleted`),
  CONSTRAINT `phppos_customers_ibfk_1` FOREIGN KEY (`person_id`) REFERENCES `phppos_people` (`person_id`)
) ENGINE=InnoDB DEFAULT CHARSET=utf8 COLLATE=utf8_unicode_ci;

/*Data for the table `phppos_customers` */

insert  into `phppos_customers`(`person_id`,`account_number`,`company_name`,`taxable`,`deleted`) values (7,NULL,'',1,0),(8,NULL,'',1,0),(9,NULL,'',1,0);

/*Table structure for table `phppos_employees` */

DROP TABLE IF EXISTS `phppos_employees`;

CREATE TABLE `phppos_employees` (
  `username` varchar(255) COLLATE utf8_unicode_ci NOT NULL,
  `password` varchar(255) COLLATE utf8_unicode_ci NOT NULL,
  `person_id` int(10) NOT NULL,
  `deleted` int(1) NOT NULL DEFAULT '0',
  UNIQUE KEY `username` (`username`),
  KEY `person_id` (`person_id`),
  KEY `deleted` (`deleted`),
  CONSTRAINT `phppos_employees_ibfk_1` FOREIGN KEY (`person_id`) REFERENCES `phppos_people` (`person_id`)
) ENGINE=InnoDB DEFAULT CHARSET=utf8 COLLATE=utf8_unicode_ci;

/*Data for the table `phppos_employees` */

insert  into `phppos_employees`(`username`,`password`,`person_id`,`deleted`) values ('admin','5f4dcc3b5aa765d61d8327deb882cf99',1,0),('Saler','5f4dcc3b5aa765d61d8327deb882cf99',2,0),('sovann','5f4dcc3b5aa765d61d8327deb882cf99',3,0);

/*Table structure for table `phppos_giftcards` */

DROP TABLE IF EXISTS `phppos_giftcards`;

CREATE TABLE `phppos_giftcards` (
  `giftcard_id` int(11) NOT NULL AUTO_INCREMENT,
  `giftcard_number` varchar(255) COLLATE utf8_unicode_ci NOT NULL,
  `value` decimal(15,2) NOT NULL,
  `customer_id` int(10) DEFAULT NULL,
  `deleted` int(1) NOT NULL DEFAULT '0',
  PRIMARY KEY (`giftcard_id`),
  UNIQUE KEY `giftcard_number` (`giftcard_number`),
  KEY `deleted` (`deleted`),
  KEY `phppos_giftcards_ibfk_1` (`customer_id`),
  CONSTRAINT `phppos_giftcards_ibfk_1` FOREIGN KEY (`customer_id`) REFERENCES `phppos_customers` (`person_id`)
) ENGINE=InnoDB DEFAULT CHARSET=utf8 COLLATE=utf8_unicode_ci;

/*Data for the table `phppos_giftcards` */

/*Table structure for table `phppos_inventory` */

DROP TABLE IF EXISTS `phppos_inventory`;

CREATE TABLE `phppos_inventory` (
  `trans_id` int(11) NOT NULL AUTO_INCREMENT,
  `trans_items` int(11) NOT NULL DEFAULT '0',
  `trans_user` int(11) NOT NULL DEFAULT '0',
  `trans_date` timestamp NOT NULL DEFAULT CURRENT_TIMESTAMP,
  `trans_comment` text COLLATE utf8_unicode_ci NOT NULL,
  `trans_inventory` decimal(15,2) NOT NULL DEFAULT '0.00',
  PRIMARY KEY (`trans_id`),
  KEY `phppos_inventory_ibfk_1` (`trans_items`),
  KEY `phppos_inventory_ibfk_2` (`trans_user`),
  CONSTRAINT `phppos_inventory_ibfk_1` FOREIGN KEY (`trans_items`) REFERENCES `phppos_items` (`item_id`),
  CONSTRAINT `phppos_inventory_ibfk_2` FOREIGN KEY (`trans_user`) REFERENCES `phppos_employees` (`person_id`)
) ENGINE=InnoDB AUTO_INCREMENT=293 DEFAULT CHARSET=utf8 COLLATE=utf8_unicode_ci;

/*Data for the table `phppos_inventory` */

insert  into `phppos_inventory`(`trans_id`,`trans_items`,`trans_user`,`trans_date`,`trans_comment`,`trans_inventory`) values (1,1,1,'2013-03-21 09:12:47','កែសម្រួលបរិមាណទំនិញតាមចិត្តខ្លួនឯង','1477.50'),(2,1,1,'2013-03-21 09:14:27','កែសម្រួលបរិមាណទំនិញតាមចិត្តខ្លួនឯង','-1477.50'),(3,1,1,'2013-03-21 09:17:21','កែសម្រួលបរិមាណទំនិញតាមចិត្តខ្លួនឯង','0.00'),(4,1,1,'2013-03-27 13:50:17','Manual Edit of Quantity','0.00'),(5,1,1,'2013-03-27 13:50:32','Manual Edit of Quantity','10.00'),(6,1,1,'2013-03-27 13:50:42','Manual Edit of Quantity','-10.00'),(7,2,1,'2013-03-28 09:25:50','Manual Edit of Quantity','1370.20'),(8,1,1,'2013-03-28 09:26:28','Manual Edit of Quantity','1477.50'),(9,1,1,'2013-03-28 09:27:08','Manual Edit of Quantity','0.00'),(10,2,1,'2013-03-28 09:27:27','Manual Edit of Quantity','0.00'),(11,3,1,'2013-03-28 09:28:37','Manual Edit of Quantity','5213.10'),(12,1,1,'2013-03-28 09:29:08','Manual Edit of Quantity','0.00'),(13,4,1,'2013-03-28 09:57:00','Manual Edit of Quantity','12873.00'),(14,5,1,'2013-03-28 09:58:25','Manual Edit of Quantity','12873.00'),(15,6,1,'2013-03-28 10:04:19','Manual Edit of Quantity','3515.50'),(16,7,1,'2013-03-28 10:05:52','Manual Edit of Quantity','7491.00'),(17,8,1,'2013-03-28 10:07:44','Manual Edit of Quantity','2771.80'),(18,7,1,'2013-03-28 10:08:32','Manual Edit of Quantity','0.00'),(19,6,1,'2013-03-28 10:08:48','Manual Edit of Quantity','0.00'),(20,9,1,'2013-03-28 10:13:40','Manual Edit of Quantity','819.00'),(21,10,1,'2013-03-28 10:24:31','Manual Edit of Quantity','2541.80'),(22,11,1,'2013-03-28 10:27:07','Manual Edit of Quantity','27.00'),(23,12,1,'2013-03-28 10:32:52','Manual Edit of Quantity','9804.70'),(24,13,1,'2013-03-28 10:40:54','Manual Edit of Quantity','8567.70'),(25,14,1,'2013-03-28 10:45:15','Manual Edit of Quantity','910.30'),(26,15,1,'2013-03-28 10:47:23','Manual Edit of Quantity','31.00'),(27,15,1,'2013-03-28 10:47:45','Manual Edit of Quantity','3102.40'),(28,16,1,'2013-03-28 10:49:22','Manual Edit of Quantity','4.00'),(29,16,1,'2013-03-28 10:49:46','Manual Edit of Quantity','4374.20'),(30,17,1,'2013-03-28 10:52:08','Manual Edit of Quantity','4270.63'),(31,18,1,'2013-03-28 10:54:40','Manual Edit of Quantity','2942.70'),(32,19,1,'2013-03-28 10:55:55','Manual Edit of Quantity','3972.10'),(33,20,1,'2013-03-28 10:57:39','Manual Edit of Quantity','715.10'),(34,21,1,'2013-03-28 10:59:52','Manual Edit of Quantity','1688.00'),(35,21,1,'2013-03-28 11:00:23','Manual Edit of Quantity','0.00'),(36,22,1,'2013-03-28 11:01:33','Manual Edit of Quantity','194.00'),(37,23,1,'2013-03-28 11:02:45','Manual Edit of Quantity','666.90'),(38,24,1,'2013-03-28 11:04:16','Manual Edit of Quantity','92.00'),(39,25,1,'2013-03-28 11:05:42','Manual Edit of Quantity','1300.90'),(40,26,1,'2013-03-28 11:06:25','Manual Edit of Quantity','173.50'),(41,27,1,'2013-03-28 11:07:21','Manual Edit of Quantity','231.00'),(42,28,1,'2013-03-28 11:08:10','Manual Edit of Quantity','105.50'),(43,29,1,'2013-03-28 11:09:36','Manual Edit of Quantity','813.40'),(44,30,1,'2013-03-28 11:10:36','Manual Edit of Quantity','207.70'),(45,31,1,'2013-03-28 11:12:05','Manual Edit of Quantity','334.40'),(46,32,1,'2013-03-28 11:12:46','Manual Edit of Quantity','227.00'),(47,33,1,'2013-03-28 11:13:55','Manual Edit of Quantity','308.50'),(48,34,1,'2013-03-28 11:14:48','Manual Edit of Quantity','3069.00'),(49,35,1,'2013-03-28 11:15:29','Manual Edit of Quantity','417.00'),(50,36,1,'2013-03-28 11:17:03','Manual Edit of Quantity','4845.50'),(51,37,1,'2013-03-28 11:17:52','Manual Edit of Quantity','1849.70'),(52,38,1,'2013-03-28 11:18:46','Manual Edit of Quantity','2486.30'),(53,37,1,'2013-03-28 11:19:24','Manual Edit of Quantity','0.00'),(54,39,1,'2013-03-28 11:20:04','Manual Edit of Quantity','556.00'),(55,40,1,'2013-03-28 11:21:13','Manual Edit of Quantity','5010.60'),(56,41,1,'2013-03-28 11:23:01','Manual Edit of Quantity','798.50'),(57,42,1,'2013-03-28 11:24:03','Manual Edit of Quantity','388.30'),(58,43,1,'2013-03-28 11:26:10','Manual Edit of Quantity','3739.50'),(59,44,1,'2013-03-28 11:27:11','Manual Edit of Quantity','608.00'),(60,45,1,'2013-03-28 11:28:23','Manual Edit of Quantity','474.50'),(61,46,1,'2013-03-28 11:29:00','Manual Edit of Quantity','2925.00'),(62,47,1,'2013-03-28 11:33:21','Manual Edit of Quantity','1893.40'),(63,48,1,'2013-03-28 11:34:00','Manual Edit of Quantity','9748.00'),(64,49,1,'2013-03-28 11:34:55','Manual Edit of Quantity','2894.70'),(65,50,1,'2013-03-28 11:36:24','Manual Edit of Quantity','267.80'),(66,51,1,'2013-03-28 11:36:56','Manual Edit of Quantity','329.00'),(67,52,1,'2013-03-28 11:37:38','Manual Edit of Quantity','2429.00'),(68,53,1,'2013-03-28 11:38:46','Manual Edit of Quantity','5242.00'),(69,54,1,'2013-03-28 11:39:28','Manual Edit of Quantity','244.50'),(70,55,1,'2013-03-28 11:40:08','Manual Edit of Quantity','378.00'),(71,56,1,'2013-03-28 11:41:04','Manual Edit of Quantity','1267.80'),(72,57,1,'2013-03-28 11:43:21','Manual Edit of Quantity','2416.30'),(73,58,1,'2013-03-28 11:45:27','Manual Edit of Quantity','9724.60'),(74,59,1,'2013-03-28 11:46:20','Manual Edit of Quantity','242.60'),(75,60,1,'2013-03-28 11:48:25','Manual Edit of Quantity','2037.40'),(76,61,1,'2013-03-28 11:50:42','Manual Edit of Quantity','12105.30'),(77,62,1,'2013-03-28 11:52:58','Manual Edit of Quantity','1270.36'),(78,63,1,'2013-03-28 11:56:26','Manual Edit of Quantity','567.00'),(79,64,1,'2013-03-28 11:59:30','Manual Edit of Quantity','6653.00'),(80,65,1,'2013-03-28 12:02:00','Manual Edit of Quantity','11430.00'),(81,66,1,'2013-03-28 12:03:30','Manual Edit of Quantity','2414.00'),(82,67,1,'2013-03-28 12:05:58','Manual Edit of Quantity','2894.50'),(83,68,1,'2013-03-28 12:08:41','Manual Edit of Quantity','365.60'),(84,69,1,'2013-03-28 12:10:06','Manual Edit of Quantity','2081.20'),(85,70,1,'2013-03-28 12:11:25','Manual Edit of Quantity','6449.50'),(86,71,1,'2013-03-28 12:12:31','Manual Edit of Quantity','566.50'),(87,72,1,'2013-03-28 12:13:40','Manual Edit of Quantity','644.28'),(88,73,1,'2013-03-28 12:16:58','Manual Edit of Quantity','10240.20'),(89,74,1,'2013-03-28 12:18:56','Manual Edit of Quantity','1976.40'),(90,75,1,'2013-03-28 12:20:27','Manual Edit of Quantity','2569.90'),(91,76,1,'2013-03-28 12:21:32','Manual Edit of Quantity','13203.10'),(92,77,1,'2013-03-28 12:24:25','Manual Edit of Quantity','4551.50'),(93,78,1,'2013-03-28 12:25:33','Manual Edit of Quantity','4010.90'),(94,79,1,'2013-03-28 12:27:23','Manual Edit of Quantity','6154.50'),(95,80,1,'2013-03-28 12:29:41','Manual Edit of Quantity','8302.08'),(96,81,1,'2013-03-28 12:31:15','Manual Edit of Quantity','1741.40'),(97,81,1,'2013-03-28 16:45:55','Manual Edit of Quantity','0.00'),(98,81,1,'2013-03-28 16:46:39','POS 1','-53.00'),(99,45,1,'2013-03-29 10:46:51','POS 2','-100.00'),(100,45,1,'2013-03-29 10:48:24','POS 2','100.00'),(101,45,1,'2013-03-29 10:48:25','POS 2','-100.00'),(102,81,1,'2013-03-29 11:12:17','POS 1','53.00'),(103,81,1,'2013-03-29 11:12:17','POS 1','-53.00'),(104,14,1,'2013-03-29 11:47:54','POS 3','-100.00'),(105,14,1,'2013-03-29 11:57:16','POS 3','100.00'),(106,14,1,'2013-03-29 11:57:16','POS 3','-100.00'),(107,45,1,'2013-03-29 13:31:50','POS 2','100.00'),(108,45,1,'2013-03-29 13:31:50','POS 2','-100.00'),(109,45,3,'2013-03-29 14:57:45','POS 2','100.00'),(110,45,3,'2013-03-29 14:57:46','POS 2','-100.00'),(111,45,3,'2013-03-29 14:58:52','POS 2','100.00'),(112,45,3,'2013-03-29 14:58:52','POS 2','-100.00'),(113,45,3,'2013-03-29 15:11:18','POS 2','100.00'),(114,45,3,'2013-03-29 15:11:18','POS 2','-100.00'),(115,45,3,'2013-03-29 15:12:41','POS 2','100.00'),(116,45,3,'2013-03-29 15:12:41','POS 2','-100.00'),(117,45,3,'2013-03-29 15:32:48','POS 2','100.00'),(118,45,3,'2013-03-29 15:32:48','POS 2','-100.00'),(119,45,3,'2013-03-29 15:56:13','POS 2','100.00'),(120,45,3,'2013-03-29 15:56:14','POS 2','-100.00'),(121,14,3,'2013-03-29 15:57:45','POS 3','100.00'),(122,14,3,'2013-03-29 15:57:45','POS 3','-100.00'),(123,14,3,'2013-03-29 15:58:39','POS 3','100.00'),(124,14,3,'2013-03-29 15:58:39','POS 3','-100.00'),(125,45,3,'2013-03-29 16:04:27','POS 4','-1.00'),(126,16,3,'2013-03-29 16:53:23','POS 5','-1.00'),(127,42,3,'2013-04-01 11:03:03','កែសម្រួលបរិមាណទំនិញតាមចិត្តខ្លួនឯង','0.00'),(128,42,3,'2013-04-01 11:03:35','កែសម្រួលបរិមាណទំនិញតាមចិត្តខ្លួនឯង','0.00'),(129,42,3,'2013-04-01 11:07:10','កែសម្រួលបរិមាណទំនិញតាមចិត្តខ្លួនឯង','0.00'),(130,39,3,'2013-04-01 11:07:43','កែសម្រួលបរិមាណទំនិញតាមចិត្តខ្លួនឯង','0.00'),(131,39,3,'2013-04-01 11:08:51','កែសម្រួលបរិមាណទំនិញតាមចិត្តខ្លួនឯង','0.00'),(132,39,3,'2013-04-01 11:13:38','កែសម្រួលបរិមាណទំនិញតាមចិត្តខ្លួនឯង','0.00'),(133,42,3,'2013-04-01 11:15:11','កែសម្រួលបរិមាណទំនិញតាមចិត្តខ្លួនឯង','0.00'),(134,42,3,'2013-04-01 11:23:55','កែសម្រួលបរិមាណទំនិញតាមចិត្តខ្លួនឯង','0.00'),(135,42,3,'2013-04-01 11:31:00','Manual Edit of Quantity','0.00'),(136,42,3,'2013-04-01 11:31:09','Manual Edit of Quantity','0.00'),(137,42,3,'2013-04-01 11:31:20','Manual Edit of Quantity','0.00'),(138,42,3,'2013-04-01 11:31:39','Manual Edit of Quantity','0.00'),(139,42,3,'2013-04-01 11:32:25','កែសម្រួលបរិមាណទំនិញតាមចិត្តខ្លួនឯង','0.00'),(140,42,3,'2013-04-01 11:35:02','កែសម្រួលបរិមាណទំនិញតាមចិត្តខ្លួនឯង','0.00'),(141,42,3,'2013-04-01 11:37:19','កែសម្រួលបរិមាណទំនិញតាមចិត្តខ្លួនឯង','0.00'),(142,42,3,'2013-04-01 11:39:41','កែសម្រួលបរិមាណទំនិញតាមចិត្តខ្លួនឯង','0.00'),(143,42,3,'2013-04-01 11:40:42','កែសម្រួលបរិមាណទំនិញតាមចិត្តខ្លួនឯង','0.00'),(144,42,3,'2013-04-01 11:41:38','កែសម្រួលបរិមាណទំនិញតាមចិត្តខ្លួនឯង','0.00'),(145,42,3,'2013-04-01 11:42:28','កែសម្រួលបរិមាណទំនិញតាមចិត្តខ្លួនឯង','0.00'),(146,42,3,'2013-04-01 11:42:57','កែសម្រួលបរិមាណទំនិញតាមចិត្តខ្លួនឯង','0.00'),(147,42,3,'2013-04-01 11:48:47','កែសម្រួលបរិមាណទំនិញតាមចិត្តខ្លួនឯង','0.00'),(148,42,3,'2013-04-01 11:54:51','កែសម្រួលបរិមាណទំនិញតាមចិត្តខ្លួនឯង','0.00'),(149,42,3,'2013-04-01 12:01:40','កែសម្រួលបរិមាណទំនិញតាមចិត្តខ្លួនឯង','0.00'),(150,42,3,'2013-04-01 12:04:27','កែសម្រួលបរិមាណទំនិញតាមចិត្តខ្លួនឯង','0.00'),(151,39,3,'2013-04-01 12:04:37','កែសម្រួលបរិមាណទំនិញតាមចិត្តខ្លួនឯង','0.00'),(152,73,3,'2013-04-01 12:04:43','កែសម្រួលបរិមាណទំនិញតាមចិត្តខ្លួនឯង','0.00'),(153,14,3,'2013-04-01 12:04:49','កែសម្រួលបរិមាណទំនិញតាមចិត្តខ្លួនឯង','0.00'),(154,42,3,'2013-04-01 12:05:12','Manual Edit of Quantity','0.00'),(155,39,3,'2013-04-01 12:05:17','Manual Edit of Quantity','0.00'),(156,42,3,'2013-04-01 12:11:16','Manual Edit of Quantity','0.00'),(157,42,3,'2013-04-01 12:11:41','កែសម្រួលបរិមាណទំនិញតាមចិត្តខ្លួនឯង','0.00'),(158,42,3,'2013-04-01 12:15:12','កែសម្រួលបរិមាណទំនិញតាមចិត្តខ្លួនឯង','0.00'),(159,42,3,'2013-04-01 12:15:37','កែសម្រួលបរិមាណទំនិញតាមចិត្តខ្លួនឯង','0.00'),(160,42,3,'2013-04-01 12:17:27','កែសម្រួលបរិមាណទំនិញតាមចិត្តខ្លួនឯង','0.00'),(161,42,3,'2013-04-01 12:18:23','កែសម្រួលបរិមាណទំនិញតាមចិត្តខ្លួនឯង','0.00'),(162,42,3,'2013-04-01 12:19:37','កែសម្រួលបរិមាណទំនិញតាមចិត្តខ្លួនឯង','0.00'),(163,42,3,'2013-04-01 13:06:37','កែសម្រួលបរិមាណទំនិញតាមចិត្តខ្លួនឯង','0.00'),(164,42,3,'2013-04-01 13:19:12','កែសម្រួលបរិមាណទំនិញតាមចិត្តខ្លួនឯង','0.00'),(165,42,3,'2013-04-01 13:29:39','កែសម្រួលបរិមាណទំនិញតាមចិត្តខ្លួនឯង','0.00'),(166,42,3,'2013-04-01 13:30:15','កែសម្រួលបរិមាណទំនិញតាមចិត្តខ្លួនឯង','0.00'),(167,42,3,'2013-04-01 13:30:37','កែសម្រួលបរិមាណទំនិញតាមចិត្តខ្លួនឯង','0.00'),(168,42,3,'2013-04-01 13:35:06','កែសម្រួលបរិមាណទំនិញតាមចិត្តខ្លួនឯង','0.00'),(169,42,3,'2013-04-01 13:35:36','កែសម្រួលបរិមាណទំនិញតាមចិត្តខ្លួនឯង','0.00'),(170,42,3,'2013-04-01 13:36:19','កែសម្រួលបរិមាណទំនិញតាមចិត្តខ្លួនឯង','0.00'),(171,42,3,'2013-04-01 13:42:49','កែសម្រួលបរិមាណទំនិញតាមចិត្តខ្លួនឯង','0.00'),(172,42,3,'2013-04-01 13:47:13','កែសម្រួលបរិមាណទំនិញតាមចិត្តខ្លួនឯង','0.00'),(173,42,3,'2013-04-01 13:47:27','កែសម្រួលបរិមាណទំនិញតាមចិត្តខ្លួនឯង','0.00'),(174,39,3,'2013-04-01 13:47:35','កែសម្រួលបរិមាណទំនិញតាមចិត្តខ្លួនឯង','0.00'),(175,45,3,'2013-04-01 13:47:41','កែសម្រួលបរិមាណទំនិញតាមចិត្តខ្លួនឯង','0.00'),(176,73,3,'2013-04-01 13:47:48','កែសម្រួលបរិមាណទំនិញតាមចិត្តខ្លួនឯង','0.00'),(177,42,3,'2013-04-01 13:48:26','កែសម្រួលបរិមាណទំនិញតាមចិត្តខ្លួនឯង','0.00'),(178,42,3,'2013-04-01 13:52:44','កែសម្រួលបរិមាណទំនិញតាមចិត្តខ្លួនឯង','0.00'),(179,39,3,'2013-04-01 13:52:54','កែសម្រួលបរិមាណទំនិញតាមចិត្តខ្លួនឯង','0.00'),(180,6,3,'2013-04-01 13:53:00','កែសម្រួលបរិមាណទំនិញតាមចិត្តខ្លួនឯង','0.00'),(181,39,3,'2013-04-01 13:54:18','កែសម្រួលបរិមាណទំនិញតាមចិត្តខ្លួនឯង','0.00'),(182,42,3,'2013-04-01 13:55:08','កែសម្រួលបរិមាណទំនិញតាមចិត្តខ្លួនឯង','0.00'),(183,42,3,'2013-04-01 13:57:02','កែសម្រួលបរិមាណទំនិញតាមចិត្តខ្លួនឯង','0.00'),(184,42,3,'2013-04-01 13:57:24','កែសម្រួលបរិមាណទំនិញតាមចិត្តខ្លួនឯង','0.00'),(185,42,3,'2013-04-01 13:58:59','កែសម្រួលបរិមាណទំនិញតាមចិត្តខ្លួនឯង','0.00'),(186,42,3,'2013-04-01 13:59:45','កែសម្រួលបរិមាណទំនិញតាមចិត្តខ្លួនឯង','0.00'),(187,42,3,'2013-04-01 14:00:25','កែសម្រួលបរិមាណទំនិញតាមចិត្តខ្លួនឯង','0.00'),(188,42,3,'2013-04-01 14:01:37','កែសម្រួលបរិមាណទំនិញតាមចិត្តខ្លួនឯង','0.00'),(189,45,3,'2013-04-01 14:01:46','កែសម្រួលបរិមាណទំនិញតាមចិត្តខ្លួនឯង','0.00'),(190,42,3,'2013-04-01 14:02:02','កែសម្រួលបរិមាណទំនិញតាមចិត្តខ្លួនឯង','0.00'),(191,39,3,'2013-04-01 14:02:36','កែសម្រួលបរិមាណទំនិញតាមចិត្តខ្លួនឯង','0.00'),(192,6,3,'2013-04-01 14:03:07','កែសម្រួលបរិមាណទំនិញតាមចិត្តខ្លួនឯង','0.00'),(193,42,3,'2013-04-01 14:03:33','កែសម្រួលបរិមាណទំនិញតាមចិត្តខ្លួនឯង','0.00'),(194,42,3,'2013-04-01 14:04:28','កែសម្រួលបរិមាណទំនិញតាមចិត្តខ្លួនឯង','0.00'),(195,42,3,'2013-04-01 14:05:33','កែសម្រួលបរិមាណទំនិញតាមចិត្តខ្លួនឯង','0.00'),(196,42,3,'2013-04-01 14:08:04','កែសម្រួលបរិមាណទំនិញតាមចិត្តខ្លួនឯង','0.00'),(197,42,3,'2013-04-01 14:08:35','កែសម្រួលបរិមាណទំនិញតាមចិត្តខ្លួនឯង','0.00'),(198,42,3,'2013-04-01 14:11:00','កែសម្រួលបរិមាណទំនិញតាមចិត្តខ្លួនឯង','0.00'),(199,42,3,'2013-04-01 14:26:30','កែសម្រួលបរិមាណទំនិញតាមចិត្តខ្លួនឯង','0.00'),(200,42,3,'2013-04-01 14:38:36','កែសម្រួលបរិមាណទំនិញតាមចិត្តខ្លួនឯង','0.00'),(201,42,3,'2013-04-01 14:39:18','Manual Edit of Quantity','0.00'),(202,39,3,'2013-04-01 14:39:24','Manual Edit of Quantity','0.00'),(203,42,3,'2013-04-01 14:39:32','Manual Edit of Quantity','0.00'),(204,42,3,'2013-04-01 14:39:48','Manual Edit of Quantity','0.00'),(205,42,3,'2013-04-01 14:40:26','Manual Edit of Quantity','0.00'),(206,42,3,'2013-04-01 14:40:52','កែសម្រួលបរិមាណទំនិញតាមចិត្តខ្លួនឯង','0.00'),(207,42,3,'2013-04-01 14:42:15','Edición Manual de Cantidad','0.00'),(208,39,3,'2013-04-01 14:42:20','Edición Manual de Cantidad','0.00'),(209,42,3,'2013-04-01 14:42:40','Panduan Edit Jumlah','0.00'),(210,42,3,'2013-04-01 14:43:00','កែសម្រួលបរិមាណទំនិញតាមចិត្តខ្លួនឯង','0.00'),(211,42,3,'2013-04-01 14:46:13','កែសម្រួលបរិមាណទំនិញតាមចិត្តខ្លួនឯង','0.00'),(212,42,3,'2013-04-01 14:46:25','កែសម្រួលបរិមាណទំនិញតាមចិត្តខ្លួនឯង','0.00'),(213,42,3,'2013-04-01 14:50:15','កែសម្រួលបរិមាណទំនិញតាមចិត្តខ្លួនឯង','0.00'),(214,42,3,'2013-04-01 14:50:34','កែសម្រួលបរិមាណទំនិញតាមចិត្តខ្លួនឯង','0.00'),(215,42,3,'2013-04-01 14:52:00','កែសម្រួលបរិមាណទំនិញតាមចិត្តខ្លួនឯង','0.00'),(216,42,3,'2013-04-01 14:52:54','កែសម្រួលបរិមាណទំនិញតាមចិត្តខ្លួនឯង','0.00'),(217,45,3,'2013-04-01 14:53:04','កែសម្រួលបរិមាណទំនិញតាមចិត្តខ្លួនឯង','0.00'),(218,39,3,'2013-04-01 14:53:10','កែសម្រួលបរិមាណទំនិញតាមចិត្តខ្លួនឯង','0.00'),(219,42,3,'2013-04-01 14:54:02','កែសម្រួលបរិមាណទំនិញតាមចិត្តខ្លួនឯង','0.00'),(220,45,3,'2013-04-01 14:54:28','កែសម្រួលបរិមាណទំនិញតាមចិត្តខ្លួនឯង','0.00'),(221,42,3,'2013-04-01 14:55:19','កែសម្រួលបរិមាណទំនិញតាមចិត្តខ្លួនឯង','0.00'),(222,42,3,'2013-04-01 14:55:46','កែសម្រួលបរិមាណទំនិញតាមចិត្តខ្លួនឯង','0.00'),(223,42,3,'2013-04-01 15:00:24','កែសម្រួលបរិមាណទំនិញតាមចិត្តខ្លួនឯង','0.00'),(224,39,3,'2013-04-01 15:00:38','កែសម្រួលបរិមាណទំនិញតាមចិត្តខ្លួនឯង','0.00'),(225,39,3,'2013-04-01 15:01:00','កែសម្រួលបរិមាណទំនិញតាមចិត្តខ្លួនឯង','0.00'),(226,42,3,'2013-04-01 15:01:44','កែសម្រួលបរិមាណទំនិញតាមចិត្តខ្លួនឯង','0.00'),(227,42,3,'2013-04-01 15:09:10','កែសម្រួលបរិមាណទំនិញតាមចិត្តខ្លួនឯង','0.00'),(228,39,3,'2013-04-01 15:10:02','កែសម្រួលបរិមាណទំនិញតាមចិត្តខ្លួនឯង','0.00'),(229,42,3,'2013-04-01 15:10:40','កែសម្រួលបរិមាណទំនិញតាមចិត្តខ្លួនឯង','0.00'),(230,42,3,'2013-04-01 15:14:27','កែសម្រួលបរិមាណទំនិញតាមចិត្តខ្លួនឯង','0.00'),(231,42,3,'2013-04-01 15:15:08','កែសម្រួលបរិមាណទំនិញតាមចិត្តខ្លួនឯង','0.00'),(232,42,3,'2013-04-01 15:17:25','កែសម្រួលបរិមាណទំនិញតាមចិត្តខ្លួនឯង','0.00'),(233,42,3,'2013-04-01 15:20:54','កែសម្រួលបរិមាណទំនិញតាមចិត្តខ្លួនឯង','0.00'),(234,42,3,'2013-04-01 15:21:35','កែសម្រួលបរិមាណទំនិញតាមចិត្តខ្លួនឯង','0.00'),(235,42,3,'2013-04-01 15:25:01','កែសម្រួលបរិមាណទំនិញតាមចិត្តខ្លួនឯង','0.00'),(236,45,3,'2013-04-01 15:25:10','កែសម្រួលបរិមាណទំនិញតាមចិត្តខ្លួនឯង','0.00'),(237,6,3,'2013-04-01 15:25:20','កែសម្រួលបរិមាណទំនិញតាមចិត្តខ្លួនឯង','0.00'),(238,42,3,'2013-04-01 15:25:41','កែសម្រួលបរិមាណទំនិញតាមចិត្តខ្លួនឯង','0.00'),(239,42,3,'2013-04-01 15:27:20','កែសម្រួលបរិមាណទំនិញតាមចិត្តខ្លួនឯង','0.00'),(240,39,3,'2013-04-01 15:27:30','កែសម្រួលបរិមាណទំនិញតាមចិត្តខ្លួនឯង','0.00'),(241,39,3,'2013-04-01 15:27:46','កែសម្រួលបរិមាណទំនិញតាមចិត្តខ្លួនឯង','0.00'),(242,42,3,'2013-04-01 15:30:38','កែសម្រួលបរិមាណទំនិញតាមចិត្តខ្លួនឯង','0.00'),(243,39,3,'2013-04-01 15:30:47','កែសម្រួលបរិមាណទំនិញតាមចិត្តខ្លួនឯង','0.00'),(244,45,3,'2013-04-01 15:30:52','កែសម្រួលបរិមាណទំនិញតាមចិត្តខ្លួនឯង','0.00'),(245,73,3,'2013-04-01 15:30:56','កែសម្រួលបរិមាណទំនិញតាមចិត្តខ្លួនឯង','0.00'),(246,6,3,'2013-04-01 15:30:59','កែសម្រួលបរិមាណទំនិញតាមចិត្តខ្លួនឯង','0.00'),(247,53,3,'2013-04-01 15:31:02','កែសម្រួលបរិមាណទំនិញតាមចិត្តខ្លួនឯង','0.00'),(248,14,3,'2013-04-01 15:31:04','កែសម្រួលបរិមាណទំនិញតាមចិត្តខ្លួនឯង','0.00'),(249,7,3,'2013-04-01 15:31:08','កែសម្រួលបរិមាណទំនិញតាមចិត្តខ្លួនឯង','0.00'),(250,15,3,'2013-04-01 15:31:14','កែសម្រួលបរិមាណទំនិញតាមចិត្តខ្លួនឯង','0.00'),(251,16,3,'2013-04-01 15:31:20','កែសម្រួលបរិមាណទំនិញតាមចិត្តខ្លួនឯង','0.00'),(252,50,3,'2013-04-01 15:31:27','កែសម្រួលបរិមាណទំនិញតាមចិត្តខ្លួនឯង','0.00'),(253,12,3,'2013-04-01 15:31:30','កែសម្រួលបរិមាណទំនិញតាមចិត្តខ្លួនឯង','0.00'),(254,80,3,'2013-04-01 15:31:32','កែសម្រួលបរិមាណទំនិញតាមចិត្តខ្លួនឯង','0.00'),(255,76,3,'2013-04-01 15:31:35','កែសម្រួលបរិមាណទំនិញតាមចិត្តខ្លួនឯង','0.00'),(256,70,3,'2013-04-01 15:31:38','កែសម្រួលបរិមាណទំនិញតាមចិត្តខ្លួនឯង','0.00'),(257,65,3,'2013-04-01 15:31:41','កែសម្រួលបរិមាណទំនិញតាមចិត្តខ្លួនឯង','0.00'),(258,66,3,'2013-04-01 15:31:44','កែសម្រួលបរិមាណទំនិញតាមចិត្តខ្លួនឯង','0.00'),(259,68,3,'2013-04-01 15:31:47','កែសម្រួលបរិមាណទំនិញតាមចិត្តខ្លួនឯង','0.00'),(260,69,3,'2013-04-01 15:31:50','កែសម្រួលបរិមាណទំនិញតាមចិត្តខ្លួនឯង','0.00'),(261,71,3,'2013-04-01 15:31:54','កែសម្រួលបរិមាណទំនិញតាមចិត្តខ្លួនឯង','0.00'),(262,42,3,'2013-04-01 15:32:49','កែសម្រួលបរិមាណទំនិញតាមចិត្តខ្លួនឯង','0.00'),(263,42,3,'2013-04-01 15:35:25','កែសម្រួលបរិមាណទំនិញតាមចិត្តខ្លួនឯង','0.00'),(264,42,3,'2013-04-01 15:36:16','កែសម្រួលបរិមាណទំនិញតាមចិត្តខ្លួនឯង','0.00'),(265,42,3,'2013-04-01 15:37:28','កែសម្រួលបរិមាណទំនិញតាមចិត្តខ្លួនឯង','0.00'),(266,42,3,'2013-04-01 15:47:54','កែសម្រួលបរិមាណទំនិញតាមចិត្តខ្លួនឯង','0.00'),(267,42,3,'2013-04-01 15:48:20','កែសម្រួលបរិមាណទំនិញតាមចិត្តខ្លួនឯង','0.00'),(268,42,3,'2013-04-01 15:51:00','កែសម្រួលបរិមាណទំនិញតាមចិត្តខ្លួនឯង','0.00'),(269,42,3,'2013-04-01 15:52:05','កែសម្រួលបរិមាណទំនិញតាមចិត្តខ្លួនឯង','0.00'),(270,39,3,'2013-04-01 15:52:13','កែសម្រួលបរិមាណទំនិញតាមចិត្តខ្លួនឯង','0.00'),(271,42,3,'2013-04-01 15:52:26','កែសម្រួលបរិមាណទំនិញតាមចិត្តខ្លួនឯង','0.00'),(272,42,3,'2013-04-01 15:53:48','កែសម្រួលបរិមាណទំនិញតាមចិត្តខ្លួនឯង','0.00'),(273,42,3,'2013-04-01 15:54:36','កែសម្រួលបរិមាណទំនិញតាមចិត្តខ្លួនឯង','0.00'),(274,42,3,'2013-04-01 15:55:59','កែសម្រួលបរិមាណទំនិញតាមចិត្តខ្លួនឯង','0.00'),(275,42,3,'2013-04-01 15:56:51','កែសម្រួលបរិមាណទំនិញតាមចិត្តខ្លួនឯង','0.00'),(276,42,3,'2013-04-01 15:57:26','កែសម្រួលបរិមាណទំនិញតាមចិត្តខ្លួនឯង','0.00'),(277,42,3,'2013-04-01 15:59:35','កែសម្រួលបរិមាណទំនិញតាមចិត្តខ្លួនឯង','0.00'),(278,39,3,'2013-04-01 16:00:06','កែសម្រួលបរិមាណទំនិញតាមចិត្តខ្លួនឯង','0.00'),(279,39,3,'2013-04-01 16:02:50','កែសម្រួលបរិមាណទំនិញតាមចិត្តខ្លួនឯង','0.00'),(280,42,1,'2013-04-02 10:30:53','កែសម្រួលបរិមាណទំនិញតាមចិត្តខ្លួនឯង','0.00'),(281,76,1,'2013-04-02 11:18:10','POS 6','-100.00'),(282,14,1,'2013-04-02 15:10:06','RECV 1','10000.00'),(283,45,1,'2013-04-02 16:33:24','RECV 2','100.00'),(288,42,1,'2013-04-02 16:37:48','RECV 7','1000.00'),(291,39,1,'2013-04-02 16:50:47','RECV 12','1000.00'),(292,39,1,'2013-04-02 17:00:57','RECV 13','100.00');

/*Table structure for table `phppos_item_kit_items` */

DROP TABLE IF EXISTS `phppos_item_kit_items`;

CREATE TABLE `phppos_item_kit_items` (
  `item_kit_id` int(11) NOT NULL,
  `item_id` int(11) NOT NULL,
  `quantity` decimal(15,2) NOT NULL,
  PRIMARY KEY (`item_kit_id`,`item_id`,`quantity`),
  KEY `phppos_item_kit_items_ibfk_2` (`item_id`),
  CONSTRAINT `phppos_item_kit_items_ibfk_1` FOREIGN KEY (`item_kit_id`) REFERENCES `phppos_item_kits` (`item_kit_id`) ON DELETE CASCADE,
  CONSTRAINT `phppos_item_kit_items_ibfk_2` FOREIGN KEY (`item_id`) REFERENCES `phppos_items` (`item_id`) ON DELETE CASCADE
) ENGINE=InnoDB DEFAULT CHARSET=utf8 COLLATE=utf8_unicode_ci;

/*Data for the table `phppos_item_kit_items` */

/*Table structure for table `phppos_item_kits` */

DROP TABLE IF EXISTS `phppos_item_kits`;

CREATE TABLE `phppos_item_kits` (
  `item_kit_id` int(11) NOT NULL AUTO_INCREMENT,
  `item_kit_number` varchar(255) COLLATE utf8_unicode_ci DEFAULT NULL,
  `name` varchar(255) COLLATE utf8_unicode_ci NOT NULL,
  `description` varchar(255) COLLATE utf8_unicode_ci NOT NULL,
  `category` varchar(255) COLLATE utf8_unicode_ci NOT NULL,
  `unit_price` decimal(15,2) DEFAULT NULL,
  `cost_price` decimal(15,2) DEFAULT NULL,
  `deleted` int(1) NOT NULL DEFAULT '0',
  PRIMARY KEY (`item_kit_id`),
  UNIQUE KEY `item_kit_number` (`item_kit_number`),
  KEY `name` (`name`),
  KEY `deleted` (`deleted`)
) ENGINE=InnoDB DEFAULT CHARSET=utf8 COLLATE=utf8_unicode_ci;

/*Data for the table `phppos_item_kits` */

/*Table structure for table `phppos_item_kits_taxes` */

DROP TABLE IF EXISTS `phppos_item_kits_taxes`;

CREATE TABLE `phppos_item_kits_taxes` (
  `item_kit_id` int(10) NOT NULL,
  `name` varchar(255) COLLATE utf8_unicode_ci NOT NULL,
  `percent` decimal(15,3) NOT NULL,
  `cumulative` int(1) NOT NULL DEFAULT '0',
  PRIMARY KEY (`item_kit_id`,`name`,`percent`),
  CONSTRAINT `phppos_item_kits_taxes_ibfk_1` FOREIGN KEY (`item_kit_id`) REFERENCES `phppos_item_kits` (`item_kit_id`) ON DELETE CASCADE
) ENGINE=InnoDB DEFAULT CHARSET=utf8 COLLATE=utf8_unicode_ci;

/*Data for the table `phppos_item_kits_taxes` */

/*Table structure for table `phppos_items` */

DROP TABLE IF EXISTS `phppos_items`;

CREATE TABLE `phppos_items` (
  `name` varchar(255) COLLATE utf8_unicode_ci NOT NULL,
  `category` varchar(255) COLLATE utf8_unicode_ci NOT NULL,
  `supplier_id` int(11) DEFAULT NULL,
  `item_number` varchar(255) COLLATE utf8_unicode_ci DEFAULT NULL,
  `description` varchar(255) COLLATE utf8_unicode_ci NOT NULL,
  `cost_price` decimal(15,2) NOT NULL,
  `unit_price` decimal(15,2) NOT NULL,
  `promo_price` decimal(15,2) NOT NULL DEFAULT '0.00',
  `start_date` date NOT NULL DEFAULT '1969-01-01',
  `end_date` date NOT NULL DEFAULT '1969-01-01',
  `quantity` decimal(15,2) NOT NULL DEFAULT '0.00',
  `measure` varchar(30) COLLATE utf8_unicode_ci NOT NULL,
  `reorder_level` decimal(15,2) NOT NULL DEFAULT '0.00',
  `location` varchar(255) COLLATE utf8_unicode_ci NOT NULL,
  `item_id` int(10) NOT NULL AUTO_INCREMENT,
  `allow_alt_description` tinyint(1) NOT NULL,
  `is_serialized` tinyint(1) NOT NULL,
  `deleted` int(1) NOT NULL DEFAULT '0',
  PRIMARY KEY (`item_id`),
  UNIQUE KEY `item_number` (`item_number`),
  KEY `phppos_items_ibfk_1` (`supplier_id`),
  KEY `name` (`name`),
  KEY `category` (`category`),
  KEY `deleted` (`deleted`),
  CONSTRAINT `phppos_items_ibfk_1` FOREIGN KEY (`supplier_id`) REFERENCES `phppos_suppliers` (`person_id`)
) ENGINE=InnoDB AUTO_INCREMENT=82 DEFAULT CHARSET=utf8 COLLATE=utf8_unicode_ci;

/*Data for the table `phppos_items` */

insert  into `phppos_items`(`name`,`category`,`supplier_id`,`item_number`,`description`,`cost_price`,`unit_price`,`promo_price`,`start_date`,`end_date`,`quantity`,`measure`,`reorder_level`,`location`,`item_id`,`allow_alt_description`,`is_serialized`,`deleted`) values ('062-1 ល្ងគុសហើម','ចិន37',NULL,NULL,'','1.20','1.60','0.00','1969-01-01','1969-01-01','1477.50','','0.00','',1,0,0,0),('064 ល្ងខែ្សសយ','ចិន37',NULL,NULL,'','1.50','1.80','0.00','1969-01-01','1969-01-01','1370.20','','0.00','',2,0,0,0),('042','ចិន37',NULL,NULL,'','1.50','1.80','0.00','1969-01-01','1969-01-01','5213.10','','0.00','',3,0,0,0),('059','ចិន37',NULL,NULL,'','1.00','1.20','0.00','1969-01-01','1969-01-01','12873.00','','0.00','',4,0,0,0),('059','ចិន37',NULL,NULL,'','1.00','1.20','0.00','1969-01-01','1969-01-01','12873.00','','0.00','',5,0,0,1),('010N គីមទាង​​​​​​​​​​​60\'\'','Y 1 +9',NULL,NULL,'','1.20','1.60','0.00','1969-01-01','1969-01-01','3515.50','items_measure_m','0.00','',6,0,0,0),('011N គីមទាង​​​​​​​​​​​​44\'\'','Y 1 +4',NULL,NULL,'','1.20','1.50','0.00','1969-01-01','1969-01-01','7491.00','items_measure_m','0.00','',7,0,0,0),('052តេតារុង​44\'\'','D11',NULL,NULL,'','1.00','1.20','0.00','1969-01-01','1969-01-01','2771.80','','0.00','',8,0,0,0),('041TR​ខោប្រុស​44\'\'','D11',NULL,NULL,'','1.00','1.50','0.00','1969-01-01','1969-01-01','819.00','','0.00','',9,0,0,0),('A38 ល្ង​order ','ចិន37',NULL,NULL,'','1.50','1.80','0.00','1969-01-01','1969-01-01','2541.80','','0.00','',10,0,0,0),('076','D18',NULL,NULL,'','1.20','1.50','0.00','1969-01-01','1969-01-01','27.00','','0.00','',11,0,0,0),('01A ទឹកបិច','ចិន37',NULL,NULL,'','1.00','1.20','0.00','1969-01-01','1969-01-01','9804.70','items_measure_m','0.00','',12,0,0,0),('056 ការុអាវសី្តង','ចិន41 ',NULL,NULL,'','1.00','0.80','0.00','1969-01-01','1969-01-01','8567.70','','0.00','',13,0,0,0),('013','ចិន41',NULL,NULL,'','1.50','1.60','0.00','1969-01-01','1969-01-01','10810.30','items_measure_m','0.00','',14,0,0,0),('013-1','ចិន41 ',NULL,NULL,'','1.50','1.60','0.00','1969-01-01','1969-01-01','3133.40','items_measure_m','0.00','',15,0,0,0),('013-2','ចិន41 ',NULL,NULL,'','1.50','1.60','0.00','1969-01-01','1969-01-01','4377.20','items_measure_m','0.00','',16,0,0,0),('053 តេតារុង​ស','D11 ',NULL,NULL,'','1.20','1.30','0.00','1969-01-01','1969-01-01','4270.63','','0.00','',17,0,0,0),('050KA តេតារុង​ស​','Ley Ley 1-2012 ',NULL,NULL,'','1.20','1.30','0.00','1969-01-01','1969-01-01','2942.70','','0.00','',18,0,0,0),('047 ខោប្រុស','Ley Ley 1-2012 ',NULL,NULL,'','1.50','1.60','0.00','1969-01-01','1969-01-01','3972.10','','0.00','',19,0,0,0),('118 រុមា​ស​','ចិន39 (KG) ',NULL,NULL,'','2.50','2.80','0.00','1969-01-01','1969-01-01','715.10','','0.00','',20,0,0,0),('B-1 ','PK 22 (KG) ',NULL,NULL,'','3.00','3.00','0.00','1969-01-01','1969-01-01','1688.00','','0.00','',21,0,0,0),('216-P2','ចិន39 ',NULL,NULL,'','2.50','2.80','0.00','1969-01-01','1969-01-01','194.00','','0.00','',22,0,0,0),('216-P5 ','ចិន39 ',NULL,NULL,'','2.50','2.80','0.00','1969-01-01','1969-01-01','666.90','','0.00','',23,0,0,0),('216-P3','ចិន39 ',NULL,NULL,'','2.50','2.80','0.00','1969-01-01','1969-01-01','92.00','','0.00','',24,0,0,0),('216-P6','ចិន39 ',NULL,NULL,'','2.50','2.80','0.00','1969-01-01','1969-01-01','1300.90','','0.00','',25,0,0,0),('216-P7','ចិន39 ',NULL,NULL,'','2.50','2.80','0.00','1969-01-01','1969-01-01','173.50','','0.00','',26,0,0,0),('216-P10','ចិន39 ',NULL,NULL,'','2.50','2.80','0.00','1969-01-01','1969-01-01','231.00','','0.00','',27,0,0,0),('216-P11','ចិន39 ',NULL,NULL,'','2.50','2.80','0.00','1969-01-01','1969-01-01','105.50','','0.00','',28,0,0,0),('216-(2-1)','ចិន39 ',NULL,NULL,'','2.50','2.80','0.00','1969-01-01','1969-01-01','813.40','','0.00','',29,0,0,0),('216-(2-2)','ចិន39 ',NULL,NULL,'','2.50','2.80','0.00','1969-01-01','1969-01-01','207.70','','0.00','',30,0,0,0),('216-12','ចិន39 ',NULL,NULL,'','2.50','2.80','0.00','1969-01-01','1969-01-01','334.40','','0.00','',31,0,0,0),('216-14','ចិន39 ',NULL,NULL,'','2.50','2.80','0.00','1969-01-01','1969-01-01','227.00','','0.00','',32,0,0,0),('216-15','ចិន39 ',NULL,NULL,'','2.50','2.80','0.00','1969-01-01','1969-01-01','308.50','','0.00','',33,0,0,0),('216-17','ចិន39 ',NULL,NULL,'','2.50','2.80','0.00','1969-01-01','1969-01-01','3069.00','','0.00','',34,0,0,0),('216-P16','ចិន39 ',NULL,NULL,'','2.50','2.80','0.00','1969-01-01','1969-01-01','417.00','','0.00','',35,0,0,0),('216-1','ចិន39 ',NULL,NULL,'','2.50','2.80','0.00','1969-01-01','1969-01-01','4845.50','','0.00','',36,0,0,0),('216-4G','ចិន35 ',NULL,NULL,'','2.50','2.80','0.00','1969-01-01','1969-01-01','1849.70','','0.00','',37,0,0,0),('216-8G','ចិន35 ',NULL,NULL,'','2.50','2.80','0.00','1969-01-01','1969-01-01','2486.30','','0.00','',38,0,0,0),('008','ចិន20',NULL,NULL,'','2.00','2.20','0.00','1969-01-01','1969-01-01','1656.00','items_measure_m','0.00','',39,0,0,0),('222G','ចិន32',NULL,NULL,'','2.00','2.50','0.00','1969-01-01','1969-01-01','5010.60','','0.00','',40,0,0,0),('222B','ចិន39',NULL,NULL,'','2.00','2.50','0.00','1969-01-01','1969-01-01','798.50','','0.00','',41,0,0,0),('#300','ចិន21',NULL,NULL,'','2.00','2.50','0.00','1969-01-01','1969-01-01','1388.30','items_measure_m','0.00','',42,0,0,0),('119A','Y31 (Kg)',NULL,NULL,'','3.50','3.50','0.00','1969-01-01','1969-01-01','3739.50','','0.00','',43,0,0,0),('P ពន់ទូ','Y31 (Kg)',NULL,NULL,'','3.00','3.50','0.00','1969-01-01','1969-01-01','608.00','','0.00','',44,0,0,0),('01 រលាស់','Ley Ley 3-2012 ',NULL,NULL,'','1.20','1.50','0.00','1969-01-01','1969-01-01','473.50','items_measure_m','0.00','',45,0,0,0),('062','Ley Ley 3-2012 ',NULL,NULL,'','1.50','1.60','0.00','1969-01-01','1969-01-01','2925.00','','0.00','',46,0,0,0),('G2000 Black + Nevy ','Ley Ley 3-2012 ',NULL,NULL,'','1.50','1.60','0.00','1969-01-01','1969-01-01','1893.40','','0.00','',47,0,0,0),('065','Ley Ley 3-2012 ',NULL,NULL,'','1.50','1.60','0.00','1969-01-01','1969-01-01','9748.00','','0.00','',48,0,0,0),('066','Ley Ley 3-2012 ',NULL,NULL,'','1.50','1.60','0.00','1969-01-01','1969-01-01','2894.70','','0.00','',49,0,0,0),('016','Ley Ley 3-2012 ',NULL,NULL,'','1.50','1.60','0.00','1969-01-01','1969-01-01','267.80','items_measure_m','0.00','',50,0,0,0),('076','Ley Ley 3-2012 ',NULL,NULL,'','1.50','1.60','0.00','1969-01-01','1969-01-01','329.00','','0.00','',51,0,0,0),('074','Ley Ley 4-2012 ',NULL,NULL,'','1.50','1.60','0.00','1969-01-01','1969-01-01','2429.00','','0.00','',52,0,0,0),('011','Ley Ley 4-2012 ',NULL,NULL,'','1.50','1.60','0.00','1969-01-01','1969-01-01','5242.00','items_measure_m','0.00','',53,0,0,0),('065-1','Ley Ley 4-2012 ',NULL,NULL,'','1.50','1.60','0.00','1969-01-01','1969-01-01','244.50','','0.00','',54,0,0,0),('075','Ley Ley 4-2012 ',NULL,NULL,'','1.50','1.60','0.00','1969-01-01','1969-01-01','378.00','','0.00','',55,0,0,0),('063','Ley Ley 4-2012 ',NULL,NULL,'','1.50','1.70','0.00','1969-01-01','1969-01-01','1267.80','','0.00','',56,0,0,0),('051-1តេតារុងផ្កាប្រុស','Ley Ley 4-2012 ',NULL,NULL,'','1.20','1.30','0.00','1969-01-01','1969-01-01','2416.30','','0.00','',57,0,0,0),('090តនផ្កាសីត​','Ley Ley 4-2012 ',NULL,NULL,'','0.80','0.90','0.00','1969-01-01','1969-01-01','9724.60','','0.00','',58,0,0,0),('071','Ley Ley 4-2012 ',NULL,NULL,'','1.50','1.60','0.00','1969-01-01','1969-01-01','242.60','','0.00','',59,0,0,0),('051តេតារុងប្រុស','Ley Ley 4-2012 ',NULL,NULL,'','1.20','1.30','0.00','1969-01-01','1969-01-01','2037.40','','0.00','',60,0,0,0),('055','Ley Ley 4-2012 ',NULL,NULL,'','1.50','1.60','0.00','1969-01-01','1969-01-01','12105.30','','0.00','',61,0,0,0),('06 សារូកពា្ចក់','PK30',NULL,NULL,'','1.00','1.20','0.00','1969-01-01','1969-01-01','1270.36','','0.00','',62,0,0,0),('115FG ','PK 30 (Kg) ',NULL,NULL,'','3.00','3.20','0.00','1969-01-01','1969-01-01','567.00','','0.00','',63,0,0,0),('093 តនផ្កាចិន​','Ley Ley 3-2012 ',NULL,NULL,'','1.20','1.30','0.00','1969-01-01','1969-01-01','6653.00','','0.00','',64,0,0,0),('022N ហ្វី​លាតអត់យឺត​','Ley Ley 3-2012 ',NULL,NULL,'','0.80','1.00','0.00','1969-01-01','1969-01-01','11430.00','items_measure_m','0.00','',65,0,0,0),('023ហ្វីផ្កា','Ley Ley 3-2012 ',NULL,NULL,'','1.00','1.20','0.00','1969-01-01','1969-01-01','2414.00','items_measure_m','0.00','',66,0,0,0),('VN   ពន់ទូផ្កា​','Ley Ley 5-2012 (Kg) ',NULL,NULL,'','3.50','3.80','0.00','1969-01-01','1969-01-01','2894.50','','0.00','',67,0,0,0),('038​​​​វនលាត​','Ley Ley 3-2012 (KG)',NULL,NULL,'','3.50','3.80','0.00','1969-01-01','1969-01-01','365.60','items_measure_m','0.00','',68,0,0,0),('039 ពុនទូលាត','Ley Ley 3-2012 (KG)',NULL,NULL,'','3.50','3.80','0.00','1969-01-01','1969-01-01','2081.20','items_measure_m','0.00','',69,0,0,0),('022-1 ','Ley Ley 5-2012 ',NULL,NULL,'','0.90','1.20','0.00','1969-01-01','1969-01-01','6449.50','items_measure_m','0.00','',70,0,0,0),('040ហ្វីយីតBlack ','Ley Ley 5-2012 ',NULL,NULL,'','1.20','1.50','0.00','1969-01-01','1969-01-01','566.50','items_measure_m','0.00','',71,0,0,0),('05 fi siv ','PK31',NULL,NULL,'','1.00','1.20','0.00','1969-01-01','1969-01-01','644.28','','0.00','',72,0,0,0),('01-1 សារូខ្លា​','Ley Ley 6+PK(31+26) ',NULL,NULL,'','1.00','1.30','0.00','1969-01-01','1969-01-01','10240.20','items_measure_m','0.00','',73,0,0,0),('Pa  (para) ','Ley Ley 6-2012 ',NULL,NULL,'','1.80','2.00','0.00','1969-01-01','1969-01-01','1976.40','','0.00','',74,0,0,0),('Kaki -1 ','Ley Ley 6-2012 ',NULL,NULL,'','1.80','2.00','0.00','1969-01-01','1969-01-01','2569.90','','0.00','',75,0,0,0),('022','Ley Ley 6-2012 ',NULL,NULL,'','1.00','1.20','0.00','1969-01-01','1969-01-01','13103.10','items_measure_m','0.00','',76,0,0,0),('PT  ( Hunter Korea )','Y 1 -2013  (Kg) ',NULL,NULL,'','3.50','3.80','0.00','1969-01-01','1969-01-01','4551.50','','0.00','',77,0,0,0),('05o តេតារុង​karo ','Ley Ley 6-2012 ',NULL,NULL,'','1.60','1.70','0.00','1969-01-01','1969-01-01','4010.90','','0.00','',78,0,0,0),('090 តនលាត​','Ley Ley 6-2012 ',NULL,NULL,'','1.20','1.35','0.00','1969-01-01','1969-01-01','6154.50','','0.00','',79,0,0,0),('02 សារូលាត','PK32+31 ',NULL,NULL,'','0.90','1.20','0.00','1969-01-01','1969-01-01','8302.08','items_measure_m','0.00','',80,0,0,0),('106 វនផ្កា​','Ley Ley 3-2012 (KG)',NULL,NULL,'','6.00','5.50','0.00','1969-01-01','1969-01-01','1688.40','','0.00','',81,0,0,0);

/*Table structure for table `phppos_items_taxes` */

DROP TABLE IF EXISTS `phppos_items_taxes`;

CREATE TABLE `phppos_items_taxes` (
  `item_id` int(10) NOT NULL,
  `name` varchar(255) COLLATE utf8_unicode_ci NOT NULL,
  `percent` decimal(15,3) NOT NULL,
  `cumulative` int(1) NOT NULL DEFAULT '0',
  PRIMARY KEY (`item_id`,`name`,`percent`),
  CONSTRAINT `phppos_items_taxes_ibfk_1` FOREIGN KEY (`item_id`) REFERENCES `phppos_items` (`item_id`) ON DELETE CASCADE
) ENGINE=InnoDB DEFAULT CHARSET=utf8 COLLATE=utf8_unicode_ci;

/*Data for the table `phppos_items_taxes` */

/*Table structure for table `phppos_modules` */

DROP TABLE IF EXISTS `phppos_modules`;

CREATE TABLE `phppos_modules` (
  `name_lang_key` varchar(255) COLLATE utf8_unicode_ci NOT NULL,
  `desc_lang_key` varchar(255) COLLATE utf8_unicode_ci NOT NULL,
  `sort` int(10) NOT NULL,
  `module_id` varchar(255) COLLATE utf8_unicode_ci NOT NULL,
  PRIMARY KEY (`module_id`),
  UNIQUE KEY `desc_lang_key` (`desc_lang_key`),
  UNIQUE KEY `name_lang_key` (`name_lang_key`)
) ENGINE=InnoDB DEFAULT CHARSET=utf8 COLLATE=utf8_unicode_ci;

/*Data for the table `phppos_modules` */

insert  into `phppos_modules`(`name_lang_key`,`desc_lang_key`,`sort`,`module_id`) values ('module_config','module_config_desc',100,'config'),('module_customers','module_customers_desc',10,'customers'),('module_employees','module_employees_desc',80,'employees'),('module_giftcards','module_giftcards_desc',90,'giftcards'),('module_item_kits','module_item_kits_desc',30,'item_kits'),('module_items','module_items_desc',20,'items'),('module_receivings','module_receivings_desc',60,'receivings'),('module_reports','module_reports_desc',50,'reports'),('module_sales','module_sales_desc',70,'sales'),('module_suppliers','module_suppliers_desc',40,'suppliers');

/*Table structure for table `phppos_modules_actions` */

DROP TABLE IF EXISTS `phppos_modules_actions`;

CREATE TABLE `phppos_modules_actions` (
  `action_id` varchar(100) COLLATE utf8_unicode_ci NOT NULL,
  `module_id` varchar(100) COLLATE utf8_unicode_ci NOT NULL,
  `action_name_key` varchar(100) COLLATE utf8_unicode_ci NOT NULL,
  `sort` int(11) NOT NULL,
  PRIMARY KEY (`action_id`,`module_id`),
  KEY `phppos_modules_actions_ibfk_1` (`module_id`),
  CONSTRAINT `phppos_modules_actions_ibfk_1` FOREIGN KEY (`module_id`) REFERENCES `phppos_modules` (`module_id`)
) ENGINE=InnoDB DEFAULT CHARSET=utf8 COLLATE=utf8_unicode_ci;

/*Data for the table `phppos_modules_actions` */

insert  into `phppos_modules_actions`(`action_id`,`module_id`,`action_name_key`,`sort`) values ('add_update','customers','module_action_add_update',1),('add_update','employees','module_action_add_update',130),('add_update','item_kits','module_action_add_update',70),('add_update','items','module_action_add_update',40),('add_update','suppliers','module_action_add_update',100),('delete','customers','module_action_delete',20),('delete','employees','module_action_delete',140),('delete','item_kits','module_action_delete',80),('delete','items','module_action_delete',50),('delete','suppliers','module_action_delete',110),('edit_sale_price','sales','module_edit_sale_price',170),('search','customers','module_action_search_customers',30),('search','employees','module_action_search_employees',150),('search','item_kits','module_action_search_item_kits',90),('search','items','module_action_search_items',60),('search','suppliers','module_action_search_suppliers',120),('see_cost_price','items','module_see_cost_price',61);

/*Table structure for table `phppos_people` */

DROP TABLE IF EXISTS `phppos_people`;

CREATE TABLE `phppos_people` (
  `first_name` varchar(255) COLLATE utf8_unicode_ci NOT NULL,
  `last_name` varchar(255) COLLATE utf8_unicode_ci NOT NULL,
  `phone_number` varchar(255) COLLATE utf8_unicode_ci NOT NULL,
  `email` varchar(255) COLLATE utf8_unicode_ci NOT NULL,
  `address_1` varchar(255) COLLATE utf8_unicode_ci NOT NULL,
  `address_2` varchar(255) COLLATE utf8_unicode_ci NOT NULL,
  `city` varchar(255) COLLATE utf8_unicode_ci NOT NULL,
  `state` varchar(255) COLLATE utf8_unicode_ci NOT NULL,
  `zip` varchar(255) COLLATE utf8_unicode_ci NOT NULL,
  `country` varchar(255) COLLATE utf8_unicode_ci NOT NULL,
  `comments` text COLLATE utf8_unicode_ci NOT NULL,
  `person_id` int(10) NOT NULL AUTO_INCREMENT,
  PRIMARY KEY (`person_id`),
  KEY `first_name` (`first_name`),
  KEY `last_name` (`last_name`),
  KEY `email` (`email`)
) ENGINE=InnoDB AUTO_INCREMENT=12 DEFAULT CHARSET=utf8 COLLATE=utf8_unicode_ci;

/*Data for the table `phppos_people` */

insert  into `phppos_people`(`first_name`,`last_name`,`phone_number`,`email`,`address_1`,`address_2`,`city`,`state`,`zip`,`country`,`comments`,`person_id`) values ('Jeo','Doe','555-555-5555','sovann@resolvocam.com','Address 1','','','','','','',1),('Sale','sa','','','','','','','','','',2),('Sovann','Tong','','','','','','','','','',3),('','','','','','','','','','','',6),('ទំនប់','ទ្រាសុខគង់','','','','','','','','','',7),('សុវណ្ណ','តុង','','sovann0101@gmail.com','','','','','','','',8),('វិចិត្រ','សំ','','','','','','','','','',9),('Vichet','Sam','070551777','','','','','','','','',10),('Samdy','Lonh','070552777','','','','','','','','',11);

/*Table structure for table `phppos_permissions` */

DROP TABLE IF EXISTS `phppos_permissions`;

CREATE TABLE `phppos_permissions` (
  `module_id` varchar(255) COLLATE utf8_unicode_ci NOT NULL,
  `person_id` int(10) NOT NULL,
  PRIMARY KEY (`module_id`,`person_id`),
  KEY `person_id` (`person_id`),
  CONSTRAINT `phppos_permissions_ibfk_1` FOREIGN KEY (`person_id`) REFERENCES `phppos_employees` (`person_id`),
  CONSTRAINT `phppos_permissions_ibfk_2` FOREIGN KEY (`module_id`) REFERENCES `phppos_modules` (`module_id`)
) ENGINE=InnoDB DEFAULT CHARSET=utf8 COLLATE=utf8_unicode_ci;

/*Data for the table `phppos_permissions` */

insert  into `phppos_permissions`(`module_id`,`person_id`) values ('config',1),('customers',1),('employees',1),('giftcards',1),('item_kits',1),('items',1),('receivings',1),('reports',1),('sales',1),('suppliers',1),('customers',2),('sales',2),('config',3),('customers',3),('employees',3),('items',3),('receivings',3),('reports',3),('sales',3),('suppliers',3);

/*Table structure for table `phppos_permissions_actions` */

DROP TABLE IF EXISTS `phppos_permissions_actions`;

CREATE TABLE `phppos_permissions_actions` (
  `module_id` varchar(100) COLLATE utf8_unicode_ci NOT NULL,
  `person_id` int(11) NOT NULL,
  `action_id` varchar(100) COLLATE utf8_unicode_ci NOT NULL,
  PRIMARY KEY (`module_id`,`person_id`,`action_id`),
  KEY `phppos_permissions_actions_ibfk_2` (`person_id`),
  KEY `phppos_permissions_actions_ibfk_3` (`action_id`),
  CONSTRAINT `phppos_permissions_actions_ibfk_1` FOREIGN KEY (`module_id`) REFERENCES `phppos_modules` (`module_id`),
  CONSTRAINT `phppos_permissions_actions_ibfk_2` FOREIGN KEY (`person_id`) REFERENCES `phppos_employees` (`person_id`),
  CONSTRAINT `phppos_permissions_actions_ibfk_3` FOREIGN KEY (`action_id`) REFERENCES `phppos_modules_actions` (`action_id`)
) ENGINE=InnoDB DEFAULT CHARSET=utf8 COLLATE=utf8_unicode_ci;

/*Data for the table `phppos_permissions_actions` */

insert  into `phppos_permissions_actions`(`module_id`,`person_id`,`action_id`) values ('customers',1,'add_update'),('customers',1,'delete'),('customers',1,'search'),('employees',1,'add_update'),('employees',1,'delete'),('employees',1,'search'),('item_kits',1,'add_update'),('item_kits',1,'delete'),('item_kits',1,'search'),('items',1,'add_update'),('items',1,'delete'),('items',1,'search'),('items',1,'see_cost_price'),('sales',1,'edit_sale_price'),('suppliers',1,'add_update'),('suppliers',1,'delete'),('suppliers',1,'search'),('customers',2,'add_update'),('customers',2,'search'),('customers',3,'add_update'),('customers',3,'delete'),('customers',3,'search'),('employees',3,'add_update'),('employees',3,'delete'),('employees',3,'search'),('items',3,'add_update'),('items',3,'delete'),('items',3,'search'),('items',3,'see_cost_price'),('sales',3,'edit_sale_price'),('suppliers',3,'add_update'),('suppliers',3,'delete'),('suppliers',3,'search');

/*Table structure for table `phppos_receivings` */

DROP TABLE IF EXISTS `phppos_receivings`;

CREATE TABLE `phppos_receivings` (
  `receiving_time` timestamp NOT NULL DEFAULT CURRENT_TIMESTAMP,
  `supplier_id` int(10) DEFAULT NULL,
  `employee_id` int(10) NOT NULL DEFAULT '0',
  `comment` text COLLATE utf8_unicode_ci NOT NULL,
  `receiving_id` int(10) NOT NULL AUTO_INCREMENT,
  `payment_type` varchar(255) COLLATE utf8_unicode_ci DEFAULT NULL,
  `deleted` int(1) NOT NULL DEFAULT '0',
  PRIMARY KEY (`receiving_id`),
  KEY `supplier_id` (`supplier_id`),
  KEY `employee_id` (`employee_id`),
  KEY `deleted` (`deleted`),
  CONSTRAINT `phppos_receivings_ibfk_1` FOREIGN KEY (`employee_id`) REFERENCES `phppos_employees` (`person_id`),
  CONSTRAINT `phppos_receivings_ibfk_2` FOREIGN KEY (`supplier_id`) REFERENCES `phppos_suppliers` (`person_id`)
) ENGINE=InnoDB AUTO_INCREMENT=14 DEFAULT CHARSET=utf8 COLLATE=utf8_unicode_ci;

/*Data for the table `phppos_receivings` */

insert  into `phppos_receivings`(`receiving_time`,`supplier_id`,`employee_id`,`comment`,`receiving_id`,`payment_type`,`deleted`) values ('2013-04-02 15:10:06',NULL,1,'',1,'សាច់ប្រាក់',0),('2013-04-02 16:33:24',10,1,'',2,'កត់​ចូល​បញ្ជី',0),('2013-04-02 16:37:47',10,1,'',7,'កត់​ចូល​បញ្ជី',0),('2013-04-02 16:50:47',10,1,'',12,'កត់​ចូល​បញ្ជី',0),('2013-04-02 17:00:57',10,1,'',13,'កត់​ចូល​បញ្ជី',0);

/*Table structure for table `phppos_receivings_items` */

DROP TABLE IF EXISTS `phppos_receivings_items`;

CREATE TABLE `phppos_receivings_items` (
  `receiving_id` int(10) NOT NULL DEFAULT '0',
  `item_id` int(10) NOT NULL DEFAULT '0',
  `description` varchar(255) COLLATE utf8_unicode_ci DEFAULT NULL,
  `serialnumber` varchar(255) COLLATE utf8_unicode_ci DEFAULT NULL,
  `line` int(3) NOT NULL,
  `quantity_purchased` int(10) NOT NULL DEFAULT '0',
  `item_cost_price` decimal(15,2) NOT NULL,
  `item_unit_price` decimal(15,2) NOT NULL,
  `discount_percent` int(11) NOT NULL DEFAULT '0',
  PRIMARY KEY (`receiving_id`,`item_id`,`line`),
  KEY `item_id` (`item_id`),
  CONSTRAINT `phppos_receivings_items_ibfk_1` FOREIGN KEY (`item_id`) REFERENCES `phppos_items` (`item_id`),
  CONSTRAINT `phppos_receivings_items_ibfk_2` FOREIGN KEY (`receiving_id`) REFERENCES `phppos_receivings` (`receiving_id`)
) ENGINE=InnoDB DEFAULT CHARSET=utf8 COLLATE=utf8_unicode_ci;

/*Data for the table `phppos_receivings_items` */

insert  into `phppos_receivings_items`(`receiving_id`,`item_id`,`description`,`serialnumber`,`line`,`quantity_purchased`,`item_cost_price`,`item_unit_price`,`discount_percent`) values (1,14,'','0',1,10000,'1.50','1.50',0),(2,45,'','0',1,100,'1.20','1.20',0),(7,42,'','0',1,1000,'2.00','2.00',0),(12,39,'','0',1,1000,'2.00','2.00',0),(13,39,'','0',1,100,'2.00','2.00',0);

/*Table structure for table `phppos_register_log` */

DROP TABLE IF EXISTS `phppos_register_log`;

CREATE TABLE `phppos_register_log` (
  `register_log_id` int(10) NOT NULL AUTO_INCREMENT,
  `employee_id` int(10) NOT NULL,
  `shift_start` timestamp NOT NULL DEFAULT '0000-00-00 00:00:00',
  `shift_end` timestamp NOT NULL DEFAULT '0000-00-00 00:00:00',
  `open_amount` double(15,2) NOT NULL,
  `close_amount` double(15,2) NOT NULL,
  `cash_sales_amount` double(15,2) NOT NULL,
  PRIMARY KEY (`register_log_id`),
  KEY `phppos_register_log_ibfk_1` (`employee_id`),
  CONSTRAINT `phppos_register_log_ibfk_1` FOREIGN KEY (`employee_id`) REFERENCES `phppos_employees` (`person_id`)
) ENGINE=InnoDB AUTO_INCREMENT=2 DEFAULT CHARSET=utf8 COLLATE=utf8_unicode_ci;

/*Data for the table `phppos_register_log` */

insert  into `phppos_register_log`(`register_log_id`,`employee_id`,`shift_start`,`shift_end`,`open_amount`,`close_amount`,`cash_sales_amount`) values (1,1,'2013-03-29 11:32:50','0000-00-00 00:00:00',200.00,0.00,0.00);

/*Table structure for table `phppos_sales` */

DROP TABLE IF EXISTS `phppos_sales`;

CREATE TABLE `phppos_sales` (
  `sale_time` timestamp NOT NULL DEFAULT CURRENT_TIMESTAMP,
  `customer_id` int(10) DEFAULT NULL,
  `employee_id` int(10) NOT NULL DEFAULT '0',
  `comment` text COLLATE utf8_unicode_ci NOT NULL,
  `sale_id` int(10) NOT NULL AUTO_INCREMENT,
  `payment_type` varchar(255) COLLATE utf8_unicode_ci DEFAULT NULL,
  `deleted` int(1) NOT NULL DEFAULT '0',
  `suspended` int(1) NOT NULL DEFAULT '0',
  PRIMARY KEY (`sale_id`),
  KEY `customer_id` (`customer_id`),
  KEY `employee_id` (`employee_id`),
  KEY `deleted` (`deleted`),
  CONSTRAINT `phppos_sales_ibfk_1` FOREIGN KEY (`employee_id`) REFERENCES `phppos_employees` (`person_id`),
  CONSTRAINT `phppos_sales_ibfk_2` FOREIGN KEY (`customer_id`) REFERENCES `phppos_customers` (`person_id`)
) ENGINE=InnoDB AUTO_INCREMENT=7 DEFAULT CHARSET=utf8 COLLATE=utf8_unicode_ci;

/*Data for the table `phppos_sales` */

insert  into `phppos_sales`(`sale_time`,`customer_id`,`employee_id`,`comment`,`sale_id`,`payment_type`,`deleted`,`suspended`) values ('2013-03-29 11:12:17',7,1,'',1,'Cash: $291.50<br />',0,0),('2013-03-29 15:56:13',8,3,'',2,'',0,0),('2013-03-29 15:58:39',8,3,'',3,'2013-03-29 15:57:42 សាច់ប្រាក់: $62.00<br />2013-03-29 15:58:36 សាច់ប្រាក់: $50.00<br />',0,1),('2013-03-29 16:04:27',9,3,'',4,'2013-03-29 16:04:25 សាច់ប្រាក់: $1.50<br />',0,0),('2013-03-29 16:53:23',NULL,3,'',5,'2013-03-29 16:52:52 សាច់ប្រាក់: $1.00<br />2013-03-29 16:53:16 សាច់ប្រាក់: $0.60<br />',0,0),('2013-04-02 11:18:10',8,1,'',6,'2013-04-02 11:18:06 សាច់ប្រាក់: $20.00<br />',0,1);

/*Table structure for table `phppos_sales_item_kits` */

DROP TABLE IF EXISTS `phppos_sales_item_kits`;

CREATE TABLE `phppos_sales_item_kits` (
  `sale_id` int(10) NOT NULL DEFAULT '0',
  `item_kit_id` int(10) NOT NULL DEFAULT '0',
  `description` varchar(255) COLLATE utf8_unicode_ci DEFAULT NULL,
  `line` int(3) NOT NULL DEFAULT '0',
  `quantity_purchased` decimal(15,2) NOT NULL DEFAULT '0.00',
  `item_kit_cost_price` decimal(15,2) NOT NULL,
  `item_kit_unit_price` decimal(15,2) NOT NULL,
  `discount_percent` int(11) NOT NULL DEFAULT '0',
  PRIMARY KEY (`sale_id`,`item_kit_id`,`line`),
  KEY `item_kit_id` (`item_kit_id`),
  CONSTRAINT `phppos_sales_item_kits_ibfk_1` FOREIGN KEY (`item_kit_id`) REFERENCES `phppos_item_kits` (`item_kit_id`),
  CONSTRAINT `phppos_sales_item_kits_ibfk_2` FOREIGN KEY (`sale_id`) REFERENCES `phppos_sales` (`sale_id`)
) ENGINE=InnoDB DEFAULT CHARSET=utf8 COLLATE=utf8_unicode_ci;

/*Data for the table `phppos_sales_item_kits` */

/*Table structure for table `phppos_sales_item_kits_taxes` */

DROP TABLE IF EXISTS `phppos_sales_item_kits_taxes`;

CREATE TABLE `phppos_sales_item_kits_taxes` (
  `sale_id` int(10) NOT NULL,
  `item_kit_id` int(10) NOT NULL,
  `line` int(3) NOT NULL DEFAULT '0',
  `name` varchar(255) COLLATE utf8_unicode_ci NOT NULL,
  `percent` decimal(15,3) NOT NULL,
  `cumulative` int(1) NOT NULL DEFAULT '0',
  PRIMARY KEY (`sale_id`,`item_kit_id`,`line`,`name`,`percent`),
  KEY `item_id` (`item_kit_id`),
  CONSTRAINT `phppos_sales_item_kits_taxes_ibfk_1` FOREIGN KEY (`sale_id`) REFERENCES `phppos_sales_item_kits` (`sale_id`),
  CONSTRAINT `phppos_sales_item_kits_taxes_ibfk_2` FOREIGN KEY (`item_kit_id`) REFERENCES `phppos_item_kits` (`item_kit_id`)
) ENGINE=InnoDB DEFAULT CHARSET=utf8 COLLATE=utf8_unicode_ci;

/*Data for the table `phppos_sales_item_kits_taxes` */

/*Table structure for table `phppos_sales_items` */

DROP TABLE IF EXISTS `phppos_sales_items`;

CREATE TABLE `phppos_sales_items` (
  `sale_id` int(10) NOT NULL DEFAULT '0',
  `item_id` int(10) NOT NULL DEFAULT '0',
  `description` varchar(255) COLLATE utf8_unicode_ci DEFAULT NULL,
  `serialnumber` varchar(255) COLLATE utf8_unicode_ci DEFAULT NULL,
  `line` int(3) NOT NULL DEFAULT '0',
  `quantity_purchased` decimal(15,2) NOT NULL DEFAULT '0.00',
  `item_cost_price` decimal(15,2) NOT NULL,
  `item_unit_price` decimal(15,2) NOT NULL,
  `discount_percent` int(11) NOT NULL DEFAULT '0',
  PRIMARY KEY (`sale_id`,`item_id`,`line`),
  KEY `item_id` (`item_id`),
  CONSTRAINT `phppos_sales_items_ibfk_1` FOREIGN KEY (`item_id`) REFERENCES `phppos_items` (`item_id`),
  CONSTRAINT `phppos_sales_items_ibfk_2` FOREIGN KEY (`sale_id`) REFERENCES `phppos_sales` (`sale_id`)
) ENGINE=InnoDB DEFAULT CHARSET=utf8 COLLATE=utf8_unicode_ci;

/*Data for the table `phppos_sales_items` */

insert  into `phppos_sales_items`(`sale_id`,`item_id`,`description`,`serialnumber`,`line`,`quantity_purchased`,`item_cost_price`,`item_unit_price`,`discount_percent`) values (1,81,'','',1,'53.00','6.00','5.50',0),(2,45,'','',1,'100.00','1.20','1.50',0),(3,14,'','',1,'100.00','1.50','1.80',10),(4,45,'','',1,'1.00','1.20','1.50',0),(5,16,'','',1,'1.00','1.50','1.60',0),(6,76,'','',1,'100.00','1.00','1.20',0);

/*Table structure for table `phppos_sales_items_taxes` */

DROP TABLE IF EXISTS `phppos_sales_items_taxes`;

CREATE TABLE `phppos_sales_items_taxes` (
  `sale_id` int(10) NOT NULL,
  `item_id` int(10) NOT NULL,
  `line` int(3) NOT NULL DEFAULT '0',
  `name` varchar(255) COLLATE utf8_unicode_ci NOT NULL,
  `percent` decimal(15,3) NOT NULL,
  `cumulative` int(1) NOT NULL DEFAULT '0',
  PRIMARY KEY (`sale_id`,`item_id`,`line`,`name`,`percent`),
  KEY `item_id` (`item_id`),
  CONSTRAINT `phppos_sales_items_taxes_ibfk_1` FOREIGN KEY (`sale_id`) REFERENCES `phppos_sales_items` (`sale_id`),
  CONSTRAINT `phppos_sales_items_taxes_ibfk_2` FOREIGN KEY (`item_id`) REFERENCES `phppos_items` (`item_id`)
) ENGINE=InnoDB DEFAULT CHARSET=utf8 COLLATE=utf8_unicode_ci;

/*Data for the table `phppos_sales_items_taxes` */

/*Table structure for table `phppos_sales_payments` */

DROP TABLE IF EXISTS `phppos_sales_payments`;

CREATE TABLE `phppos_sales_payments` (
  `id` int(11) NOT NULL AUTO_INCREMENT,
  `sale_id` int(10) DEFAULT NULL,
  `payment_type` varchar(255) COLLATE utf8_unicode_ci DEFAULT NULL,
  `payment_amount` decimal(15,2) DEFAULT NULL,
  `payment_date` datetime DEFAULT NULL,
  PRIMARY KEY (`id`),
  KEY `sale_id` (`sale_id`),
  CONSTRAINT `phppos_sales_payments_ibfk_1` FOREIGN KEY (`sale_id`) REFERENCES `phppos_sales` (`sale_id`) ON DELETE SET NULL ON UPDATE SET NULL
) ENGINE=InnoDB AUTO_INCREMENT=34 DEFAULT CHARSET=utf8 COLLATE=utf8_unicode_ci;

/*Data for the table `phppos_sales_payments` */

insert  into `phppos_sales_payments`(`id`,`sale_id`,`payment_type`,`payment_amount`,`payment_date`) values (1,1,'Cash','291.50','0000-00-00 00:00:00'),(21,2,'Cash','10.00','2013-03-25 15:12:27'),(22,2,'សាច់ប្រាក់','10.00','2013-03-26 15:12:27'),(23,2,'សាច់ប្រាក់','30.00','2013-03-27 15:12:27'),(24,2,'សាច់ប្រាក់','10.00','2013-03-28 15:12:37'),(25,2,'សាច់ប្រាក់','20.00','2013-03-29 15:32:44'),(26,2,'សាច់ប្រាក់','70.00','2013-03-29 15:56:04'),(28,3,'សាច់ប្រាក់','62.00','2013-03-29 15:57:42'),(29,3,'សាច់ប្រាក់','50.00','2013-03-29 15:58:36'),(30,4,'សាច់ប្រាក់','1.50','2013-03-29 16:04:25'),(31,5,'សាច់ប្រាក់','1.00','2013-03-29 16:52:52'),(32,5,'សាច់ប្រាក់','0.60','2013-03-29 16:53:16'),(33,6,'សាច់ប្រាក់','20.00','2013-04-02 11:18:06');

/*Table structure for table `phppos_sessions` */

DROP TABLE IF EXISTS `phppos_sessions`;

CREATE TABLE `phppos_sessions` (
  `session_id` varchar(40) COLLATE utf8_unicode_ci NOT NULL DEFAULT '0',
  `ip_address` varchar(45) COLLATE utf8_unicode_ci NOT NULL DEFAULT '0',
  `user_agent` varchar(120) COLLATE utf8_unicode_ci NOT NULL,
  `last_activity` int(10) unsigned NOT NULL DEFAULT '0',
  `user_data` text COLLATE utf8_unicode_ci,
  PRIMARY KEY (`session_id`),
  KEY `last_activity_idx` (`last_activity`)
) ENGINE=InnoDB DEFAULT CHARSET=utf8 COLLATE=utf8_unicode_ci;

/*Data for the table `phppos_sessions` */

insert  into `phppos_sessions`(`session_id`,`ip_address`,`user_agent`,`last_activity`,`user_data`) values ('da30b240f37e1354cedb543e6825031e','127.0.0.1','Mozilla/5.0 (Windows NT 6.2; rv:19.0) Gecko/20100101 Firefox/19.0',1364961401,'a:2:{s:9:\"user_data\";s:0:\"\";s:9:\"person_id\";s:1:\"3\";}');

/*Table structure for table `phppos_store_accounts` */

DROP TABLE IF EXISTS `phppos_store_accounts`;

CREATE TABLE `phppos_store_accounts` (
  `sno` int(11) NOT NULL AUTO_INCREMENT,
  `supplier_id` int(11) NOT NULL,
  `receiving_id` int(11) DEFAULT NULL,
  `transaction_amount` decimal(15,2) NOT NULL DEFAULT '0.00',
  `date` timestamp NOT NULL DEFAULT CURRENT_TIMESTAMP,
  `balance` decimal(15,2) NOT NULL DEFAULT '0.00',
  `comment` text COLLATE utf8_unicode_ci NOT NULL,
  `deleted` int(11) NOT NULL DEFAULT '0',
  PRIMARY KEY (`sno`),
  KEY `phppos_store_accounts_ibfk_1` (`receiving_id`),
  KEY `phppos_store_accounts_ibfk_2` (`supplier_id`),
  CONSTRAINT `phppos_store_accounts_ibfk_1` FOREIGN KEY (`receiving_id`) REFERENCES `phppos_receivings` (`receiving_id`),
  CONSTRAINT `phppos_store_accounts_ibfk_2` FOREIGN KEY (`supplier_id`) REFERENCES `phppos_suppliers` (`person_id`)
) ENGINE=InnoDB AUTO_INCREMENT=7 DEFAULT CHARSET=utf8 COLLATE=utf8_unicode_ci;

/*Data for the table `phppos_store_accounts` */

insert  into `phppos_store_accounts`(`sno`,`supplier_id`,`receiving_id`,`transaction_amount`,`date`,`balance`,`comment`,`deleted`) values (1,10,2,'120.00','2013-04-02 16:33:24','120.00','',0),(2,10,7,'2000.00','2013-04-02 16:37:47','2120.00','',0),(3,10,12,'2000.00','2013-04-02 16:50:47','4120.00','',0),(4,10,13,'200.00','2013-04-02 17:00:57','4320.00','',0),(5,10,NULL,'-320.00','2013-04-03 13:56:00','4000.00','',0),(6,10,NULL,'-1000.00','2013-04-03 13:56:37','3000.00','',0);

/*Table structure for table `phppos_suppliers` */

DROP TABLE IF EXISTS `phppos_suppliers`;

CREATE TABLE `phppos_suppliers` (
  `person_id` int(10) NOT NULL,
  `company_name` varchar(255) COLLATE utf8_unicode_ci NOT NULL,
  `account_number` varchar(255) COLLATE utf8_unicode_ci DEFAULT NULL,
  `deleted` int(1) NOT NULL DEFAULT '0',
  UNIQUE KEY `account_number` (`account_number`),
  KEY `person_id` (`person_id`),
  KEY `deleted` (`deleted`),
  CONSTRAINT `phppos_suppliers_ibfk_1` FOREIGN KEY (`person_id`) REFERENCES `phppos_people` (`person_id`)
) ENGINE=InnoDB DEFAULT CHARSET=utf8 COLLATE=utf8_unicode_ci;

/*Data for the table `phppos_suppliers` */

insert  into `phppos_suppliers`(`person_id`,`company_name`,`account_number`,`deleted`) values (6,'',NULL,1),(10,'RSMK',NULL,0),(11,'RESOLVO',NULL,0);

/*!40101 SET SQL_MODE=@OLD_SQL_MODE */;
/*!40014 SET FOREIGN_KEY_CHECKS=@OLD_FOREIGN_KEY_CHECKS */;
/*!40014 SET UNIQUE_CHECKS=@OLD_UNIQUE_CHECKS */;
/*!40111 SET SQL_NOTES=@OLD_SQL_NOTES */;
